-- --------------------------------------------------------
-- 主机:                           39.107.242.71
-- Server version:               8.0.27 - MySQL Community Server - GPL
-- Server OS:                    Linux
-- HeidiSQL 版本:                  10.1.0.5492
-- --------------------------------------------------------

/*!40101 SET @OLD_CHARACTER_SET_CLIENT=@@CHARACTER_SET_CLIENT */;
/*!40101 SET NAMES utf8 */;
/*!50503 SET NAMES utf8mb4 */;
/*!40014 SET @OLD_FOREIGN_KEY_CHECKS=@@FOREIGN_KEY_CHECKS, FOREIGN_KEY_CHECKS=0 */;
/*!40101 SET @OLD_SQL_MODE=@@SQL_MODE, SQL_MODE='NO_AUTO_VALUE_ON_ZERO' */;


-- Dumping database structure for markdown_editor
CREATE DATABASE IF NOT EXISTS `markdown_editor` /*!40100 DEFAULT CHARACTER SET utf8mb4 COLLATE utf8mb4_unicode_ci */ /*!80016 DEFAULT ENCRYPTION='N' */;
USE `markdown_editor`;

-- Dumping structure for table markdown_editor.blacklist
CREATE TABLE IF NOT EXISTS `blacklist` (
  `id` bigint NOT NULL AUTO_INCREMENT COMMENT '主键ID',
  `user_id` bigint NOT NULL COMMENT '用户ID',
  `blocked_user_id` bigint NOT NULL COMMENT '被拉黑的用户ID',
  `created_at` datetime DEFAULT CURRENT_TIMESTAMP COMMENT '创建时间',
  PRIMARY KEY (`id`),
  UNIQUE KEY `uk_user_blocked` (`user_id`,`blocked_user_id`)
) ENGINE=InnoDB AUTO_INCREMENT=21 DEFAULT CHARSET=utf8mb4 COLLATE=utf8mb4_0900_ai_ci COMMENT='黑名单表';

-- Dumping data for table markdown_editor.blacklist: ~3 rows (approximately)
/*!40000 ALTER TABLE `blacklist` DISABLE KEYS */;
INSERT INTO `blacklist` (`id`, `user_id`, `blocked_user_id`, `created_at`) VALUES
	(18, 12, 6, '2026-04-27 15:30:13'),
	(19, 12, 4, '2026-04-27 15:55:45'),
	(20, 12, 10, '2026-04-27 15:55:47');
/*!40000 ALTER TABLE `blacklist` ENABLE KEYS */;

-- Dumping structure for table markdown_editor.chat_messages
CREATE TABLE IF NOT EXISTS `chat_messages` (
  `id` bigint NOT NULL AUTO_INCREMENT,
  `sender_id` bigint NOT NULL COMMENT '发送者ID',
  `receiver_id` bigint NOT NULL COMMENT '接收者ID',
  `content` text NOT NULL COMMENT '消息内容',
  `is_read` tinyint(1) DEFAULT '0' COMMENT '是否已读',
  `created_at` datetime DEFAULT NULL,
  `updated_at` datetime DEFAULT NULL,
  `deleted` tinyint(1) DEFAULT '0' COMMENT '是否被删除：0-否，1-是',
  PRIMARY KEY (`id`),
  KEY `idx_sender_id` (`sender_id`),
  KEY `idx_receiver_id` (`receiver_id`),
  KEY `idx_created_at` (`created_at`)
) ENGINE=InnoDB AUTO_INCREMENT=165 DEFAULT CHARSET=utf8mb4 COLLATE=utf8mb4_0900_ai_ci COMMENT='聊天消息表';

-- Dumping data for table markdown_editor.chat_messages: ~67 rows (approximately)
/*!40000 ALTER TABLE `chat_messages` DISABLE KEYS */;
INSERT INTO `chat_messages` (`id`, `sender_id`, `receiver_id`, `content`, `is_read`, `created_at`, `updated_at`, `deleted`) VALUES
	(6, 12, 10, 'nideID是10 吗 \n', 1, '2026-04-22 17:46:02', '2026-04-22 09:46:25', 0),
	(7, 10, 12, '是的 我的id是10  ', 1, '2026-04-22 17:46:34', '2026-04-22 09:51:37', 0),
	(8, 12, 10, '你很好的 \n', 1, '2026-04-22 17:52:11', '2026-04-22 09:52:19', 0),
	(9, 12, 10, '11111\n', 1, '2026-04-22 18:00:58', '2026-04-22 10:04:44', 0),
	(10, 12, 10, '2222\n2', 1, '2026-04-22 18:00:59', '2026-04-22 10:04:44', 0),
	(11, 12, 10, '3333\n', 1, '2026-04-22 18:01:01', '2026-04-22 10:04:44', 0),
	(12, 12, 10, '432543', 1, '2026-04-22 18:01:05', '2026-04-22 10:04:44', 0),
	(13, 12, 10, '\n\n\n\n\nfdsaf\n', 1, '2026-04-22 18:01:09', '2026-04-22 10:04:44', 0),
	(14, 12, 10, '\n\n\nfdsa\n', 1, '2026-04-22 18:01:10', '2026-04-22 10:04:44', 0),
	(16, 10, 12, '发大水范德萨', 1, '2026-04-22 18:46:17', '2026-04-23 00:58:01', 0),
	(17, 10, 12, '的撒D', 1, '2026-04-22 18:46:18', '2026-04-23 00:58:01', 0),
	(18, 12, 10, '发大水范德萨', 1, '2026-04-23 08:58:52', '2026-04-30 03:49:32', 0),
	(19, 12, 10, '范德萨范德萨', 1, '2026-04-23 09:02:26', '2026-04-30 03:49:32', 0),
	(21, 12, 10, 'docker 二\n', 1, '2026-04-23 09:07:58', '2026-04-30 03:49:32', 0),
	(22, 12, 10, '测试消息', 1, '2026-04-23 09:08:09', '2026-04-30 03:49:32', 0),
	(23, 12, 10, '范德萨范德萨  ', 1, '2026-04-23 09:13:43', '2026-04-30 03:49:32', 0),
	(24, 12, 10, '幅度萨芬 ', 1, '2026-04-23 09:29:50', '2026-04-30 03:49:32', 0),
	(25, 12, 10, '广泛大使馆 ', 1, '2026-04-23 09:34:44', '2026-04-30 03:49:32', 0),
	(26, 12, 10, '范德萨发达', 1, '2026-04-23 09:34:49', '2026-04-30 03:49:32', 0),
	(27, 12, 10, '年范德萨 \n', 1, '2026-04-23 09:37:57', '2026-04-30 03:49:32', 0),
	(28, 12, 10, '你号 \n', 1, '2026-04-23 09:51:56', '2026-04-30 03:49:32', 0),
	(29, 12, 10, '你号 \n', 1, '2026-04-23 09:52:01', '2026-04-30 03:49:32', 0),
	(30, 12, 10, '你号  ', 1, '2026-04-23 09:57:22', '2026-04-30 03:49:32', 0),
	(31, 12, 10, '你好胖 \n', 1, '2026-04-23 11:35:38', '2026-04-30 03:49:32', 0),
	(32, 12, 10, '测试1    ', 1, '2026-04-23 11:36:05', '2026-04-30 03:49:32', 0),
	(50, 4, 10, '你是哪个用户', 1, '2026-04-24 09:08:17', '2026-04-30 03:49:30', 0),
	(52, 12, 10, '你号', 1, '2026-04-24 09:09:40', '2026-04-30 03:49:32', 0),
	(56, 4, 10, '范德萨发大水', 1, '2026-04-24 09:18:02', '2026-04-30 03:49:30', 0),
	(57, 4, 10, '范德萨发达', 1, '2026-04-24 09:18:04', '2026-04-30 03:49:30', 0),
	(75, 4, 10, '年后', 1, '2026-04-24 09:30:30', '2026-04-30 03:49:30', 0),
	(95, 4, 10, '和规范化风格', 1, '2026-04-24 10:05:19', '2026-04-30 03:49:30', 0),
	(97, 4, 10, '广泛大使馆', 1, '2026-04-24 10:07:44', '2026-04-30 03:49:30', 0),
	(99, 4, 6, '广泛大概', 0, '2026-04-24 10:16:38', '2026-04-24 10:16:38', 0),
	(101, 4, 10, '范德萨发达', 1, '2026-04-24 10:16:43', '2026-04-30 03:49:30', 0),
	(102, 4, 6, '放大发', 0, '2026-04-24 10:16:47', '2026-04-24 10:16:47', 0),
	(103, 4, 10, '法大师傅', 1, '2026-04-24 10:16:49', '2026-04-30 03:49:30', 0),
	(105, 12, 10, '我不认识你啊', 1, '2026-04-24 10:22:00', '2026-04-30 03:49:32', 0),
	(106, 12, 6, '你号', 0, '2026-04-24 10:22:42', '2026-04-24 10:22:42', 0),
	(107, 12, 6, '我么那就来哦太', 0, '2026-04-24 10:22:49', '2026-04-24 10:22:49', 0),
	(108, 12, 6, '范德萨范德萨', 0, '2026-04-24 10:23:02', '2026-04-24 10:23:02', 0),
	(110, 12, 6, '范德萨发达', 0, '2026-04-24 10:23:55', '2026-04-24 10:23:55', 0),
	(111, 12, 10, '幅度萨芬', 1, '2026-04-24 10:23:58', '2026-04-30 03:49:32', 0),
	(112, 4, 6, '你号吗', 0, '2026-04-24 10:36:27', '2026-04-24 10:36:27', 0),
	(114, 12, 6, '去问驱蚊器饿我去', 0, '2026-04-24 17:10:13', '2026-04-24 17:10:13', 0),
	(115, 12, 13, '你号', 1, '2026-04-24 19:41:59', '2026-04-24 11:46:01', 0),
	(117, 4, 10, '是的吧', 1, '2026-04-25 08:52:02', '2026-04-30 03:49:30', 0),
	(118, 4, 13, '你号', 0, '2026-04-25 08:52:23', '2026-04-25 08:52:23', 0),
	(135, 12, 13, '你是哪位', 0, '2026-04-25 09:53:42', '2026-04-25 09:53:42', 0),
	(139, 4, 4, '幅度萨芬', 1, '2026-04-25 10:51:06', '2026-04-25 02:51:06', 0),
	(140, 4, 4, '范德萨发达', 1, '2026-04-25 10:51:11', '2026-04-25 02:51:12', 0),
	(141, 4, 4, '供奉的是', 1, '2026-04-25 10:51:38', '2026-04-25 02:51:39', 0),
	(142, 4, 4, '范德萨', 1, '2026-04-25 10:51:43', '2026-04-25 02:51:45', 0),
	(149, 14, 13, '你是aaa吗', 0, '2026-04-25 17:20:44', '2026-04-25 17:20:44', 0),
	(150, 4, 14, '你是何许人了', 1, '2026-04-25 17:21:49', '2026-04-25 09:22:11', 0),
	(151, 14, 4, '我是你的朋友啊', 1, '2026-04-25 17:25:48', '2026-04-25 09:25:47', 0),
	(152, 14, 6, '我来看看你', 0, '2026-04-25 17:30:48', '2026-04-25 17:30:48', 0),
	(153, 4, 14, '幅度萨芬', 1, '2026-04-25 17:39:53', '2026-04-25 09:40:33', 0),
	(154, 4, 14, '放大发', 1, '2026-04-25 17:39:54', '2026-04-25 09:40:33', 0),
	(155, 5, 4, '你是哪位', 1, '2026-04-27 10:19:38', '2026-04-27 02:19:55', 0),
	(156, 5, 4, '你好胖', 1, '2026-04-27 10:59:16', '2026-04-27 02:59:50', 0),
	(157, 5, 4, '广泛大使馆', 1, '2026-04-27 10:59:46', '2026-04-27 02:59:50', 0),
	(158, 5, 4, '放大放大', 1, '2026-04-27 11:00:09', '2026-04-27 03:04:30', 0),
	(159, 5, 4, '很广泛化工', 1, '2026-04-27 11:04:02', '2026-04-27 03:04:30', 0),
	(160, 5, 4, '范德萨', 1, '2026-04-27 11:04:03', '2026-04-27 03:04:30', 0),
	(161, 5, 4, '你好胖', 1, '2026-04-27 15:24:39', '2026-04-27 10:06:47', 0),
	(162, 5, 13, '你是aaa那', 0, '2026-04-27 15:26:29', '2026-04-27 15:26:29', 0),
	(164, 4, 13, 'good', 0, '2026-04-30 17:46:32', '2026-04-30 17:46:32', 0);
/*!40000 ALTER TABLE `chat_messages` ENABLE KEYS */;

-- Dumping structure for table markdown_editor.chat_settings
CREATE TABLE IF NOT EXISTS `chat_settings` (
  `id` bigint NOT NULL AUTO_INCREMENT COMMENT '主键ID',
  `user_id` bigint NOT NULL COMMENT '用户ID',
  `chat_partner_id` bigint NOT NULL COMMENT '聊天对象ID',
  `is_pinned` tinyint(1) DEFAULT '0' COMMENT '是否置顶：0-否，1-是',
  `do_not_disturb` tinyint(1) DEFAULT '0' COMMENT '是否免打扰：0-否，1-是',
  `deleted` tinyint(1) DEFAULT '0' COMMENT '是否删除对话：0-否，1-是',
  `deleted_at` datetime DEFAULT NULL COMMENT '删除时间',
  `created_at` datetime DEFAULT CURRENT_TIMESTAMP COMMENT '创建时间',
  `updated_at` datetime DEFAULT CURRENT_TIMESTAMP ON UPDATE CURRENT_TIMESTAMP COMMENT '更新时间',
  PRIMARY KEY (`id`),
  UNIQUE KEY `uk_user_partner` (`user_id`,`chat_partner_id`)
) ENGINE=InnoDB AUTO_INCREMENT=20 DEFAULT CHARSET=utf8mb4 COLLATE=utf8mb4_0900_ai_ci COMMENT='聊天设置表';

-- Dumping data for table markdown_editor.chat_settings: ~13 rows (approximately)
/*!40000 ALTER TABLE `chat_settings` DISABLE KEYS */;
INSERT INTO `chat_settings` (`id`, `user_id`, `chat_partner_id`, `is_pinned`, `do_not_disturb`, `deleted`, `deleted_at`, `created_at`, `updated_at`) VALUES
	(1, 12, 13, 0, 0, 0, NULL, '2026-04-25 10:05:05', '2026-04-25 10:05:07'),
	(6, 4, 4, 0, 0, 0, NULL, '2026-04-25 10:51:06', '2026-04-25 15:19:55'),
	(9, 4, 12, 0, 0, 0, NULL, '2026-04-25 11:38:22', '2026-04-25 15:20:02'),
	(10, 4, 10, 0, 1, 0, NULL, '2026-04-25 15:17:00', '2026-04-25 15:17:27'),
	(11, 12, 4, 0, 0, 1, '2026-04-27 16:15:03', '2026-04-25 15:18:57', '2026-04-27 16:15:03'),
	(12, 4, 13, 0, 1, 0, NULL, '2026-04-25 15:19:20', '2026-04-25 15:19:20'),
	(13, 14, 13, 0, 0, 0, NULL, '2026-04-25 17:20:44', '2026-04-25 17:20:44'),
	(14, 4, 14, 0, 0, 0, NULL, '2026-04-25 17:21:49', '2026-04-25 17:21:49'),
	(15, 14, 4, 0, 0, 0, NULL, '2026-04-25 17:25:48', '2026-04-25 17:25:48'),
	(16, 14, 6, 0, 0, 0, NULL, '2026-04-25 17:30:48', '2026-04-25 17:30:48'),
	(17, 5, 4, 0, 0, 0, NULL, '2026-04-27 10:19:38', '2026-04-27 10:19:38'),
	(18, 5, 13, 0, 0, 0, NULL, '2026-04-27 15:26:29', '2026-04-27 15:26:29'),
	(19, 12, 5, 0, 0, 1, '2026-04-27 16:08:11', '2026-04-27 16:08:06', '2026-04-27 16:08:11');
/*!40000 ALTER TABLE `chat_settings` ENABLE KEYS */;

-- Dumping structure for table markdown_editor.comments
CREATE TABLE IF NOT EXISTS `comments` (
  `id` bigint NOT NULL AUTO_INCREMENT COMMENT '评论ID',
  `document_id` bigint NOT NULL COMMENT '文档ID',
  `user_id` bigint NOT NULL COMMENT '用户ID',
  `content` varchar(450) COLLATE utf8mb4_unicode_ci NOT NULL COMMENT '评论内容，最多150个汉字',
  `created_at` datetime NOT NULL DEFAULT CURRENT_TIMESTAMP COMMENT '创建时间',
  `updated_at` datetime NOT NULL DEFAULT CURRENT_TIMESTAMP ON UPDATE CURRENT_TIMESTAMP COMMENT '更新时间',
  `parent_id` bigint DEFAULT NULL COMMENT '父评论ID，用于回复功能',
  PRIMARY KEY (`id`),
  KEY `idx_document_id` (`document_id`),
  KEY `idx_user_id` (`user_id`),
  KEY `idx_created_at` (`created_at`),
  KEY `idx_parent_id` (`parent_id`)
) ENGINE=InnoDB AUTO_INCREMENT=107 DEFAULT CHARSET=utf8mb4 COLLATE=utf8mb4_unicode_ci COMMENT='评论表';

-- Dumping data for table markdown_editor.comments: ~100 rows (approximately)
/*!40000 ALTER TABLE `comments` DISABLE KEYS */;
INSERT INTO `comments` (`id`, `document_id`, `user_id`, `content`, `created_at`, `updated_at`, `parent_id`) VALUES
	(1, 230, 10, '这是我的第一个评论', '2026-04-19 15:46:43', '2026-04-19 15:46:43', NULL),
	(2, 230, 10, '第二个评论', '2026-04-19 15:46:54', '2026-04-19 15:46:54', NULL),
	(3, 230, 10, '范德萨范德萨', '2026-04-19 15:46:57', '2026-04-19 15:46:57', NULL),
	(4, 230, 10, '发大水范德萨', '2026-04-19 15:46:59', '2026-04-19 15:46:59', NULL),
	(5, 230, 10, '范德萨范德萨', '2026-04-19 15:47:00', '2026-04-19 15:47:00', NULL),
	(6, 230, 4, '你觉得我是谁', '2026-04-19 15:50:44', '2026-04-19 15:50:44', NULL),
	(7, 230, 4, '你知道我是谁吗', '2026-04-19 15:56:09', '2026-04-19 15:56:09', NULL),
	(8, 230, 4, '哈哈哈哈哈', '2026-04-19 15:56:28', '2026-04-19 15:56:28', NULL),
	(9, 230, 4, '你号的卖啊啊', '2026-04-19 16:00:09', '2026-04-19 16:00:09', NULL),
	(10, 230, 4, '你是哪位', '2026-04-19 16:03:43', '2026-04-19 16:03:43', NULL),
	(11, 175, 4, '这个评论你看的到吗啊', '2026-04-19 16:05:24', '2026-04-19 16:05:24', NULL),
	(12, 175, 4, '看到了', '2026-04-19 16:05:31', '2026-04-19 16:05:31', NULL),
	(13, 175, 4, '我来恢复与你', '2026-04-19 16:09:38', '2026-04-19 16:09:38', 12),
	(14, 175, 4, '你好吗', '2026-04-19 16:09:49', '2026-04-19 16:09:49', 13),
	(15, 175, 4, '你是谁啊', '2026-04-19 16:10:07', '2026-04-19 16:10:07', 13),
	(16, 175, 4, '我回复你', '2026-04-19 16:14:20', '2026-04-19 16:14:20', 11),
	(17, 175, 4, '继续', '2026-04-19 16:14:26', '2026-04-19 16:14:26', 16),
	(18, 175, 4, '和规范化广泛的', '2026-04-19 16:16:59', '2026-04-19 16:16:59', 17),
	(19, 175, 4, '让他温热', '2026-04-19 16:17:06', '2026-04-19 16:17:06', 17),
	(20, 175, 4, '范德萨范德萨', '2026-04-19 16:17:12', '2026-04-19 16:17:12', 14),
	(21, 175, 4, '范德萨范德萨', '2026-04-19 16:20:48', '2026-04-19 16:20:48', 20),
	(22, 175, 4, '1111111111111', '2026-04-19 16:20:53', '2026-04-19 16:20:53', 20),
	(23, 144, 4, '打包', '2026-04-19 16:25:30', '2026-04-19 16:25:30', NULL),
	(24, 144, 4, '1', '2026-04-19 16:25:36', '2026-04-19 16:25:36', 23),
	(25, 144, 4, '2', '2026-04-19 16:25:40', '2026-04-19 16:25:40', 24),
	(26, 144, 4, '3', '2026-04-19 16:25:43', '2026-04-19 16:25:43', 25),
	(27, 144, 4, '4', '2026-04-19 16:25:47', '2026-04-19 16:25:47', 26),
	(28, 144, 4, '5', '2026-04-19 16:25:51', '2026-04-19 16:25:51', 27),
	(29, 144, 4, '23', '2026-04-19 16:30:17', '2026-04-19 16:30:17', 24),
	(32, 127, 4, '这是什么信息', '2026-04-19 16:55:38', '2026-04-19 16:55:38', NULL),
	(33, 127, 4, '写的文章太烂了', '2026-04-19 16:55:46', '2026-04-19 16:55:46', NULL),
	(34, 124, 4, '留个印记', '2026-04-19 17:01:08', '2026-04-19 17:01:08', NULL),
	(35, 112, 4, '范德萨富士达', '2026-04-19 18:17:10', '2026-04-19 18:17:10', NULL),
	(36, 231, 6, '还能评论吗', '2026-04-21 09:05:55', '2026-04-21 09:05:55', NULL),
	(37, 231, 6, '广泛大使馆犯得上', '2026-04-21 09:16:45', '2026-04-21 09:16:45', NULL),
	(38, 132, 6, '广泛大锅饭打手犯规的', '2026-04-21 09:29:25', '2026-04-21 09:29:25', NULL),
	(39, 145, 6, '范德萨范德萨', '2026-04-21 09:41:29', '2026-04-21 09:41:29', NULL),
	(40, 216, 6, '评论功能还正常吗', '2026-04-21 17:20:47', '2026-04-21 17:20:47', NULL),
	(41, 230, 6, '范德萨范德萨范德萨幅度萨芬', '2026-04-22 08:57:43', '2026-04-22 08:57:43', NULL),
	(42, 224, 6, '的撒D', '2026-04-22 09:09:05', '2026-04-22 09:09:05', NULL),
	(43, 230, 6, '给你一个惊喜', '2026-04-22 09:46:54', '2026-04-22 09:46:54', NULL),
	(44, 145, 12, '坪林以下', '2026-04-24 09:42:38', '2026-04-24 09:42:38', NULL),
	(45, 113, 12, '我给你评论以下', '2026-04-24 09:42:58', '2026-04-24 09:42:58', NULL),
	(46, 113, 12, '范德萨发达', '2026-04-24 09:44:28', '2026-04-24 09:44:28', NULL),
	(47, 113, 12, '放大范德萨', '2026-04-24 09:44:30', '2026-04-24 09:44:30', NULL),
	(48, 113, 12, '范德萨范德萨发达', '2026-04-24 09:47:58', '2026-04-24 09:47:58', NULL),
	(49, 113, 12, '范德萨范德萨', '2026-04-24 09:47:59', '2026-04-24 09:47:59', NULL),
	(50, 243, 4, '这是我自己的评论 看到了吗', '2026-04-24 15:55:50', '2026-04-24 15:55:50', NULL),
	(51, 238, 12, '你能看到吗', '2026-04-24 15:56:49', '2026-04-24 15:56:49', NULL),
	(52, 247, 4, '你是ppp写吗', '2026-04-24 16:03:13', '2026-04-24 16:03:13', NULL),
	(53, 247, 4, '范德萨范德萨', '2026-04-24 16:10:10', '2026-04-24 16:10:10', NULL),
	(54, 247, 4, '范德萨范德萨', '2026-04-24 16:10:11', '2026-04-24 16:10:11', NULL),
	(55, 247, 4, '范德萨发达', '2026-04-24 16:10:12', '2026-04-24 16:10:12', NULL),
	(56, 246, 4, '放大范德萨', '2026-04-24 16:10:19', '2026-04-24 16:10:19', NULL),
	(57, 246, 4, '发大水范德萨', '2026-04-24 16:10:21', '2026-04-24 16:10:21', NULL),
	(58, 246, 4, '范德萨发达', '2026-04-24 16:52:53', '2026-04-24 16:52:53', NULL),
	(59, 246, 4, '放大范德萨', '2026-04-24 16:53:25', '2026-04-24 16:53:25', NULL),
	(60, 246, 13, 'a\'a\'a\'a', '2026-04-24 16:58:09', '2026-04-24 16:58:09', NULL),
	(61, 247, 13, '范德萨范德萨', '2026-04-24 16:59:01', '2026-04-24 16:59:01', NULL),
	(62, 247, 13, '钱钱钱钱钱钱', '2026-04-24 16:59:21', '2026-04-24 16:59:21', NULL),
	(63, 247, 13, '强强强强', '2026-04-24 17:02:37', '2026-04-24 17:02:37', NULL),
	(64, 246, 4, '钱钱钱钱钱', '2026-04-24 17:03:11', '2026-04-24 17:03:11', 58),
	(65, 246, 4, '高浮雕高浮雕是', '2026-04-24 17:03:18', '2026-04-24 17:03:18', 59),
	(66, 247, 13, '范德萨范德萨', '2026-04-24 17:27:25', '2026-04-24 17:27:25', NULL),
	(67, 247, 13, 'fdsafda', '2026-04-24 17:55:26', '2026-04-24 17:55:26', NULL),
	(68, 247, 13, 'fda', '2026-04-24 17:55:28', '2026-04-24 17:55:28', NULL),
	(69, 247, 13, 'fdaf', '2026-04-24 17:55:30', '2026-04-24 17:55:30', NULL),
	(70, 247, 13, 'fdafd', '2026-04-24 17:55:32', '2026-04-24 17:55:32', NULL),
	(71, 247, 13, 'fdafd', '2026-04-24 17:55:34', '2026-04-24 17:55:34', NULL),
	(72, 253, 4, '广泛大使馆', '2026-04-25 15:45:22', '2026-04-25 15:45:22', NULL),
	(73, 255, 4, '这应该时你文章的第一个评论', '2026-04-25 17:31:41', '2026-04-25 17:31:41', NULL),
	(74, 254, 4, '范德萨范德萨', '2026-04-25 17:33:17', '2026-04-25 17:33:17', NULL),
	(75, 254, 4, '范德萨范德萨', '2026-04-25 17:33:19', '2026-04-25 17:33:19', NULL),
	(76, 254, 4, '范德萨发达', '2026-04-25 17:33:20', '2026-04-25 17:33:20', NULL),
	(77, 254, 4, '范德萨范德萨', '2026-04-25 17:35:16', '2026-04-25 17:35:16', NULL),
	(78, 254, 4, '范德萨发达', '2026-04-25 17:35:18', '2026-04-25 17:35:18', NULL),
	(79, 255, 4, '范德萨范德萨发大水', '2026-04-25 17:39:59', '2026-04-25 17:39:59', NULL),
	(80, 255, 4, '范德萨发达', '2026-04-25 17:40:00', '2026-04-25 17:40:00', NULL),
	(81, 255, 4, 'f\'da\'f', '2026-04-25 17:40:01', '2026-04-25 17:40:01', NULL),
	(82, 255, 4, '和规范化广泛的', '2026-04-25 17:40:03', '2026-04-25 17:40:03', NULL),
	(83, 247, 4, '范德萨范德萨', '2026-04-26 18:29:31', '2026-04-26 18:29:31', NULL),
	(84, 245, 12, '范德萨范德萨', '2026-04-26 18:34:32', '2026-04-26 18:34:32', NULL),
	(85, 245, 12, '范德萨范德萨', '2026-04-26 18:34:33', '2026-04-26 18:34:33', NULL),
	(86, 245, 12, '范德萨范德萨', '2026-04-26 18:34:35', '2026-04-26 18:34:35', NULL),
	(87, 245, 12, '广泛大使馆犯得上', '2026-04-26 18:36:07', '2026-04-26 18:36:07', NULL),
	(88, 247, 12, '广泛大使馆和梵蒂冈广泛大使馆发', '2026-04-26 18:42:40', '2026-04-26 18:42:40', NULL),
	(89, 247, 12, '就很难和公交和规范', '2026-04-26 18:44:04', '2026-04-26 18:44:04', NULL),
	(91, 182, 4, '范德萨范德萨发达', '2026-04-26 18:54:41', '2026-04-26 18:54:41', NULL),
	(92, 182, 4, '范德萨范德萨', '2026-04-26 18:54:43', '2026-04-26 18:54:43', NULL),
	(93, 182, 4, '范德萨发达', '2026-04-26 18:54:44', '2026-04-26 18:54:44', NULL),
	(95, 181, 4, '范德萨发达', '2026-04-27 09:23:13', '2026-04-27 09:23:13', NULL),
	(98, 181, 4, '???????', '2026-04-30 11:09:21', '2026-04-30 11:09:21', NULL),
	(99, 180, 13, '我是你永远得不到的爸爸', '2026-04-30 11:27:01', '2026-04-30 11:27:01', NULL),
	(100, 180, 4, '哈哈哈', '2026-04-30 18:38:21', '2026-04-30 18:38:21', NULL),
	(101, 180, 4, '范德萨发达', '2026-04-30 18:44:09', '2026-04-30 18:44:09', 99),
	(102, 237, 4, '很过分的话官方', '2026-04-30 18:45:47', '2026-04-30 18:45:47', NULL),
	(103, 237, 4, '广泛大使馆', '2026-04-30 18:45:51', '2026-04-30 18:45:51', 102),
	(104, 255, 4, '广泛大使馆发', '2026-04-30 18:46:37', '2026-04-30 18:46:37', NULL),
	(105, 255, 4, '广泛大使馆', '2026-04-30 18:46:39', '2026-04-30 18:46:39', NULL),
	(106, 255, 14, 'nihoa a', '2026-04-30 18:48:29', '2026-04-30 18:48:29', 73);
/*!40000 ALTER TABLE `comments` ENABLE KEYS */;

-- Dumping structure for table markdown_editor.dictionary
CREATE TABLE IF NOT EXISTS `dictionary` (
  `id` bigint NOT NULL AUTO_INCREMENT,
  `dict_type` varchar(50) COLLATE utf8mb4_unicode_ci NOT NULL,
  `dict_code` varchar(50) COLLATE utf8mb4_unicode_ci NOT NULL,
  `dict_label` varchar(100) COLLATE utf8mb4_unicode_ci NOT NULL,
  `status` varchar(10) COLLATE utf8mb4_unicode_ci DEFAULT '1',
  `created_at` timestamp NULL DEFAULT CURRENT_TIMESTAMP,
  `updated_at` timestamp NULL DEFAULT CURRENT_TIMESTAMP ON UPDATE CURRENT_TIMESTAMP,
  PRIMARY KEY (`id`),
  UNIQUE KEY `uk_dict_type_code` (`dict_type`,`dict_code`),
  KEY `idx_dict_type` (`dict_type`),
  KEY `idx_status` (`status`)
) ENGINE=InnoDB AUTO_INCREMENT=12 DEFAULT CHARSET=utf8mb4 COLLATE=utf8mb4_unicode_ci;

-- Dumping data for table markdown_editor.dictionary: ~11 rows (approximately)
/*!40000 ALTER TABLE `dictionary` DISABLE KEYS */;
INSERT INTO `dictionary` (`id`, `dict_type`, `dict_code`, `dict_label`, `status`, `created_at`, `updated_at`) VALUES
	(1, 'article_category', 'tech', '技术', '1', '2026-04-18 12:42:57', '2026-04-18 12:42:57'),
	(2, 'article_category', 'life', '生活', '1', '2026-04-18 12:42:57', '2026-04-18 12:42:57'),
	(3, 'article_category', 'work', '工作', '1', '2026-04-18 12:42:57', '2026-04-18 12:42:57'),
	(4, 'article_category', 'entertainment', '娱乐', '1', '2026-04-18 12:42:57', '2026-04-18 12:42:57'),
	(5, 'article_category', 'other', '其他', '1', '2026-04-18 12:42:57', '2026-04-18 12:42:57'),
	(6, 'article_permission', 'public', '公开', '1', '2026-04-18 12:42:57', '2026-04-18 12:42:57'),
	(7, 'article_permission', 'private', '私密', '1', '2026-04-18 12:42:57', '2026-04-18 12:42:57'),
	(8, 'article_permission', 'secret', '绝密', '1', '2026-04-18 12:42:57', '2026-04-18 12:42:57'),
	(9, 'user_role', 'admin', '管理员', '1', '2026-04-19 08:43:51', '2026-04-19 08:43:51'),
	(10, 'user_role', 'customer_service', '客服', '1', '2026-04-19 08:43:51', '2026-04-19 08:43:51'),
	(11, 'user_role', 'user', '普通用户', '1', '2026-04-19 08:43:51', '2026-04-19 08:43:51');
/*!40000 ALTER TABLE `dictionary` ENABLE KEYS */;

-- Dumping structure for table markdown_editor.documents
CREATE TABLE IF NOT EXISTS `documents` (
  `id` bigint NOT NULL AUTO_INCREMENT,
  `title` varchar(255) COLLATE utf8mb4_unicode_ci NOT NULL,
  `content` text COLLATE utf8mb4_unicode_ci,
  `user_id` bigint NOT NULL,
  `category` varchar(50) COLLATE utf8mb4_unicode_ci DEFAULT NULL,
  `tags` varchar(255) COLLATE utf8mb4_unicode_ci DEFAULT NULL,
  `permission` enum('public','private','secret') COLLATE utf8mb4_unicode_ci DEFAULT 'private',
  `view_count` int DEFAULT '0',
  `created_at` timestamp NULL DEFAULT CURRENT_TIMESTAMP,
  `updated_at` timestamp NULL DEFAULT CURRENT_TIMESTAMP ON UPDATE CURRENT_TIMESTAMP,
  `like_count` int DEFAULT NULL,
  `comment_count` int DEFAULT '0' COMMENT '评论数',
  `collection_count` int DEFAULT '0' COMMENT '收藏数',
  PRIMARY KEY (`id`),
  KEY `idx_user_id` (`user_id`),
  KEY `idx_category` (`category`),
  KEY `idx_permission` (`permission`),
  KEY `idx_updated_at` (`updated_at`),
  FULLTEXT KEY `idx_content` (`title`,`content`),
  CONSTRAINT `documents_ibfk_1` FOREIGN KEY (`user_id`) REFERENCES `users` (`id`) ON DELETE CASCADE
) ENGINE=InnoDB AUTO_INCREMENT=257 DEFAULT CHARSET=utf8mb4 COLLATE=utf8mb4_unicode_ci;

-- Dumping data for table markdown_editor.documents: ~143 rows (approximately)
/*!40000 ALTER TABLE `documents` DISABLE KEYS */;
INSERT INTO `documents` (`id`, `title`, `content`, `user_id`, `category`, `tags`, `permission`, `view_count`, `created_at`, `updated_at`, `like_count`, `comment_count`, `collection_count`) VALUES
	(112, 'JavaScript 基础教程', '# JavaScript 基础教程\n\n## 变量声明\n\n```javascript\nlet name = "张三";\nconst age = 25;\nvar job = "工程师";\n```\n\n## 数据类型\n\n- String\n- Number\n- Boolean\n- Array\n- Object\n\n## 函数\n\n```javascript\nfunction greet(name) {\n  return `Hello, ${name}!`;\n}\n```', 4, 'work', 'JavaScript,基础,教程', 'public', 177, '2026-04-18 03:38:23', '2026-04-18 17:27:55', 3, 0, 0),
	(114, 'CSS3 高级技巧', '# CSS3 高级技巧\n\n## 选择器\n\n- 属性选择器\n- 伪类选择器\n- 伪元素选择器\n\n## 动画\n\n```css\n@keyframes fadeIn {\n  from { opacity: 0; }\n  to { opacity: 1; }\n}\n\n.element {\n  animation: fadeIn 1s ease-in-out;\n}\n```\n\n## Flexbox\n\n```css\n.container {\n  display: flex;\n  justify-content: center;\n  align-items: center;\n}\n```', 4, 'tech', 'CSS3,前端,样式', 'public', 90, '2026-04-18 03:38:23', '2026-04-18 08:52:05', 0, 0, 0),
	(115, 'React 组件开发', '# React 组件开发\n\n## 函数组件\n\n```jsx\nfunction Greeting({ name }) {\n  return <h1>Hello, {name}!</h1>;\n}\n```\n\n## Hooks\n\n- useState\n- useEffect\n- useContext\n- useReducer\n\n## 生命周期\n\n- componentDidMount\n- componentDidUpdate\n- componentWillUnmount', 4, 'entertainment', 'React,前端,组件', 'public', 112, '2026-04-18 03:38:23', '2026-04-18 08:52:11', 0, 0, 0),
	(116, 'Node.js 入门', '# Node.js 入门\n\n## 安装\n\n```bash\nnpm install node\n```\n\n## 基本模块\n\n- fs\n- http\n- path\n- os\n\n## 包管理\n\n```bash\nnpm init\nnpm install express\n```', 5, 'other', 'Node.js,后端,教程', 'public', 87, '2026-04-18 03:38:23', '2026-04-18 16:49:39', 0, 0, 0),
	(117, 'Express 框架', '# Express 框架\n\n## 基本用法\n\n```javascript\nconst express = require("express");\nconst app = express();\n\napp.get("/", (req, res) => {\n  res.send("Hello World!");\n});\n\napp.listen(3000);\n```\n\n## 中间件\n\n- 路由中间件\n- 错误处理中间件\n- 静态文件中间件', 4, 'tech', 'Express,Node.js,后端', 'private', 68, '2026-04-18 03:38:23', '2026-04-18 03:38:23', 0, 0, 0),
	(118, 'MongoDB 数据库', '# MongoDB 数据库\n\n## 连接\n\n```javascript\nconst mongoose = require("mongoose");\nmongoose.connect("mongodb://localhost:27017/mydb");\n```\n\n## 模型\n\n```javascript\nconst userSchema = new mongoose.Schema({\n  name: String,\n  age: Number\n});\n\nconst User = mongoose.model("User", userSchema);\n```\n\n## 查询\n\n```javascript\nUser.find({ age: { $gt: 18 } });\n```', 4, 'work', 'MongoDB,数据库,NoSQL', 'secret', 89, '2026-04-18 03:38:23', '2026-04-18 03:38:23', 0, 0, 0),
	(119, 'Git 版本控制', '# Git 版本控制\n\n## 基本命令\n\n- `git init`\n- `git add .`\n- `git commit -m "message"`\n- `git push`\n- `git pull`\n\n## 分支管理\n\n- `git branch`\n- `git checkout -b branchname`\n- `git merge branchname`\n\n## 远程仓库\n\n- `git remote add origin url`\n- `git push -u origin main`', 4, 'work', 'Git,版本控制,工具', 'private', 103, '2026-04-18 03:38:23', '2026-04-18 03:38:23', 0, 0, 0),
	(120, 'Docker 容器化', '# Docker 容器化\n\n## 基本命令\n\n- `docker build -t imageName .`\n- `docker run -p 8080:8080 imageName`\n- `docker ps`\n- `docker stop containerId`\n\n## Dockerfile\n\n```dockerfile\nFROM node:14\nWORKDIR /app\nCOPY . .\nRUN npm install\nEXPOSE 3000\nCMD ["npm", "start"]\n```', 6, 'entertainment', 'Docker,容器,DevOps', 'private', 91, '2026-04-18 03:38:23', '2026-04-18 17:10:37', 2, 0, 0),
	(121, 'RESTful API 设计', '# RESTful API 设计\n\n## HTTP 方法\n\n- GET: 获取资源\n- POST: 创建资源\n- PUT: 更新资源\n- DELETE: 删除资源\n\n## 状态码\n\n- 200: OK\n- 201: Created\n- 400: Bad Request\n- 404: Not Found\n- 500: Internal Server Error\n\n## 最佳实践\n\n- 使用 HTTPS\n- 版本控制\n- 错误处理\n- 限流', 4, 'tech', 'API,REST,后端', 'private', 78, '2026-04-18 03:38:23', '2026-04-18 03:38:23', 0, 0, 0),
	(122, 'TypeScript 基础', '# TypeScript 基础\n\n## 类型系统\n\n- number\n- string\n- boolean\n- any\n- unknown\n\n## 接口\n\n```typescript\ninterface User {\n  id: number;\n  name: string;\n  age: number;\n}\n```\n\n## 泛型\n\n```typescript\nfunction identity<T>(arg: T): T {\n  return arg;\n}\n```', 4, 'life', 'TypeScript,JavaScript,类型', 'private', 85, '2026-04-18 03:38:23', '2026-04-18 03:38:23', 0, 0, 0),
	(123, 'Vue 3 新特性', '# Vue 3 新特性\n\n## Composition API\n\n```javascript\nimport { ref, computed } from "vue"\n\nexport default {\n  setup() {\n    const count = ref(0)\n    const doubleCount = computed(() => count.value * 2)\n    return { count, doubleCount }\n  }\n}\n```\n\n## Teleport\n\n```vue\n<teleport to="#modal">\n  <div class="modal">\n    Modal content\n  </div>\n</teleport>\n```\n\n## Suspense\n\n```vue\n<Suspense>\n  <template #default>\n    <AsyncComponent />\n  </template>\n  <template #fallback>\n    Loading...\n  </template>\n</Suspense>\n```', 5, 'entertainment', 'Vue 3,前端,框架', 'private', 73, '2026-04-18 03:38:23', '2026-04-18 08:01:46', 0, 0, 0),
	(124, 'GraphQL 入门', '# GraphQL 入门\n\n## 查询\n\n```graphql\nquery {\n  users {\n    id\n    name\n    email\n  }\n}\n```\n\n## 变更\n\n```graphql\nmutation {\n  createUser(name: "John", email: "john@example.com") {\n    id\n    name\n  }\n}\n```\n\n## 优点\n\n- 按需获取数据\n- 类型系统\n- 单一端点\n- 实时更新', 4, 'other', 'API', 'private', 69, '2026-04-18 03:38:23', '2026-04-18 03:38:23', 1, 0, 0),
	(125, 'Redis 缓存', '# Redis 缓存\n\n## 数据类型\n\n- String\n- List\n- Set\n- Hash\n- Sorted Set\n\n## 基本命令\n\n- SET key value\n- GET key\n- DEL key\n- EXPIRE key seconds\n\n## 应用场景\n\n- 缓存\n- 会话管理\n- 排行榜\n- 消息队列', 4, 'life', 'Redis,缓存,数据库', 'private', 82, '2026-04-18 03:38:23', '2026-04-18 03:38:23', 1, 0, 0),
	(126, 'React Native 开发', '# React Native 开发\n\n## 环境搭建\n\n```bash\nnpm install -g expo-cli\nexpo init my-project\n```\n\n## 组件\n\n```jsx\nimport { View, Text, StyleSheet } from "react-native"\n\nexport default function App() {\n  return (\n    <View style={styles.container}>\r\n      <Text>Hello World!</Text>\n    </View>\n  )\n}\n\nconst styles = StyleSheet.create({\n  container: {\n    flex: 1,\n    alignItems: "center",\n    justifyContent: "center"\n  }\n})\n```', 4, 'other', 'React Native,移动开发,跨平台', 'private', 75, '2026-04-18 03:38:23', '2026-04-18 03:38:23', 0, 0, 0),
	(127, 'Flutter 入门', '# Flutter 入门\n\n## 环境搭建\n\n- 安装 Flutter SDK\n- 配置环境变量\n- 安装 Android Studio\n\n## 基本组件\n\n- Container\n- Text\n- Image\n- Button\n- ListView\n\n## 状态管理\n\n- setState\n- Provider\n- Bloc\n- Riverpod', 5, 'life', 'Flutter,移动开发,Dart', 'public', 90, '2026-04-18 03:38:23', '2026-04-18 08:52:30', 0, 0, 0),
	(128, 'AWS 云服务', '# AWS 云服务\n\n## 核心服务\n\n- EC2: 虚拟服务器\n- S3: 对象存储\n- RDS: 关系型数据库\n- Lambda: 无服务器函数\n- API Gateway: API 管理\n\n## 部署流程\n\n1. 创建 EC2 实例\n2. 配置安全组\n3. 部署应用\n4. 配置负载均衡\n\n## 监控\n\n- CloudWatch\n- CloudTrail\n- X-Ray', 4, 'entertainment', 'AWS,云计算,DevOps', 'private', 94, '2026-04-18 03:38:23', '2026-04-18 03:38:23', 0, 0, 0),
	(129, 'Kubernetes 容器编排', '# Kubernetes 容器编排\n\n## 核心概念\n\n- Pod\n- Deployment\n- Service\n- ConfigMap\n- Secret\n\n## 基本命令\n\n- `kubectl get pods`\n- `kubectl apply -f deployment.yaml`\n- `kubectl logs pod-name`\n- `kubectl exec -it pod-name -- /bin/bash`\n\n## 部署策略\n\n- Rolling Update\n- Blue/Green\n- Canary', 4, 'entertainment', 'Kubernetes,容器,DevOps', 'private', 81, '2026-04-18 03:38:23', '2026-04-18 03:38:23', 0, 0, 0),
	(130, '微服务架构', '# 微服务架构\n\n## 特点\n\n- 服务独立部署\n- 服务独立扩展\n- 技术栈多样化\n- 去中心化管理\n\n## 挑战\n\n- 服务发现\n- 负载均衡\n- 分布式事务\n- 监控和追踪\n\n## 工具\n\n- Eureka\n- Ribbon\n- Feign\n- Hystrix', 4, 'work', '微服务,架构,后端', 'private', 77, '2026-04-18 03:38:23', '2026-04-18 03:38:23', 0, 0, 0),
	(131, 'DevOps 实践', '# DevOps 实践\n\n## CI/CD\n\n- 持续集成\n- 持续部署\n- 自动化测试\n\n## 工具链\n\n- Jenkins\n- GitHub Actions\n- GitLab CI\n- CircleCI\n\n## 监控\n\n- Prometheus\n- Grafana\n- ELK Stack\n- New Relic', 4, 'entertainment', 'DevOps,CI/CD,监控', 'private', 86, '2026-04-18 03:38:23', '2026-04-18 03:38:23', 0, 0, 0),
	(132, '健康饮食指南', '<table style="border-collapse: collapse; width: 500px; border: 1px solid #000; border-spacing: 1px; "><tbody><tr><td style="border: 1px solid #000; padding: 1px;">内容1-1</td><td style="border: 1px solid #000; padding: 1px;">内容1-2</td><td style="border: 1px solid #000; padding: 1px;">内容1-3</td></tr><tr><td style="border: 1px solid #000; padding: 1px;">内容2-1</td><td style="border: 1px solid #000; padding: 1px;">内容2-2</td><td style="border: 1px solid #000; padding: 1px;">内容2-3</td></tr><tr><td style="border: 1px solid #000; padding: 1px;">内容3-1</td><td style="border: 1px solid #000; padding: 1px;">内容3-2</td><td style="border: 1px solid #000; padding: 1px;">内容3-3</td></tr></tbody></table>| 内容1-1 | 内容1-2 | 内容1-3 | \n| 内容2-1 | 内容2-2 | 内容2-3 | \n| 内容3-1 | 内容3-2 | 内容3-3 | \n| 内容1-1 | 内容1-2 | 内容1-3 | \n| 内容2-1 | 内容2-2 | 内容2-3 | \n| 内容3-1 | 内容3-2 | 内容3-3 | \n| 内容1-1 | 内容1-2 | 内容1-3 | \n| 内容2-1 | 内容2-2 | 内容2-3 | \n| 内容3-1 | 内容3-2 | 内容3-3 | \n| 列1 | 列2 | 列3 | \n| --- | --- | --- | \n| 内容1-1 | 内容1-2 | 内容1-3 | <video src="视频URL" controls width="600"></video>```\n你的代码\n```\n| 内容2-1 | 内容2-2 | 内容2-3 | \n| 内容3-1 | 内容3-2 | 内容3-3 | \n<video src="视频URL" controls width="600"></video><table style="border-collapse: collapse; width: 500px; border: 1px solid #000; border-spacing: 1px; "><tbody><tr><td style="border: 1px solid #000; padding: 1px;">内容1-1</td><td style="border: 1px solid #000; padding: 1px;">内容1-2</td><td style="border: 1px solid #000; padding: 1px;">内容1-3</td></tr><tr><td style="border: 1px solid #000; padding: 1px;">内容2-1</td><td style="border: 1px solid #000; padding: 1px;">内容2-2</td><td style="border: 1px solid #000; padding: 1px;">内容2-3</td></tr><tr><td style="border: 1px solid #000; padding: 1px;">内容3-1</td><td style="border: 1px solid #000; padding: 1px;">内容3-2</td><td style="border: 1px solid #000; padding: 1px;">内容3-3</td></tr></tbody></table>| 内容1-1 | 内容1-2 | 内容1-3 | \n| 内容2-1 | 内容2-2 | 内容2-3 | \n| 内容3-1 | 内容3-2 | 内容3-3 | \n| 内容1-1 | 内容1-2 | 内容1-3 | \n| 内容2-1 | 内容2-2 | 内容2-3 | \n| 内容3-1 | 内容3-2 | 内容3-3 | \n| 内容1-1 | 内容1-2 | 内容1-3 | \n| 内容2-1 | 内容2-2 | 内容2-3 | \n| 内容3-1 | 内容3-2 | 内容3-3 | \n| 列1 | 列2 | 列3 | \n| --- | --- | --- | \n| 内容1-1 | 内容1-2 | 内容1-3 | <video src="视频URL" controls width="600"></video>```\n你的代码\n```\n| 内容2-1 | 内容2-2 | 内容2-3 | \n| 内容3-1 | 内容3-2 | 内容3-3 | \n<video src="视频URL" controls width="600"></video><table style="border-collapse: collapse; width: 500px; border: 1px solid #000; border-spacing: 1px; "><tbody><tr><td style="border: 1px solid #000; padding: 1px;">内容1-1</td><td style="border: 1px solid #000; padding: 1px;">内容1-2</td><td style="border: 1px solid #000; padding: 1px;">内容1-3</td></tr><tr><td style="border: 1px solid #000; padding: 1px;">内容2-1</td><td style="border: 1px solid #000; padding: 1px;">内容2-2</td><td style="border: 1px solid #000; padding: 1px;">内容2-3</td></tr><tr><td style="border: 1px solid #000; padding: 1px;">内容3-1</td><td style="border: 1px solid #000; padding: 1px;">内容3-2</td><td style="border: 1px solid #000; padding: 1px;">内容3-3</td></tr></tbody></table>| 内容1-1 | 内容1-2 | 内容1-3 | \n| 内容2-1 | 内容2-2 | 内容2-3 | \n| 内容3-1 | 内容3-2 | 内容3-3 | \n| 内容1-1 | 内容1-2 | 内容1-3 | \n| 内容2-1 | 内容2-2 | 内容2-3 | \n| 内容3-1 | 内容3-2 | 内容3-3 | \n| 内容1-1 | 内容1-2 | 内容1-3 | \n| 内容2-1 | 内容2-2 | 内容2-3 | \n| 内容3-1 | 内容3-2 | 内容3-3 | \n| 列1 | 列2 | 列3 | \n| --- | --- | --- | \n| 内容1-1 | 内容1-2 | 内容1-3 | <video src="视频URL" controls width="600"></video>```\n你的代码\n```\n| 内容2-1 | 内容2-2 | 内容2-3 | \n| 内容3-1 | 内容3-2 | 内容3-3 | \n<video src="视频URL" controls width="600"></video><table style="border-collapse: collapse; width: 500px; border: 1px solid #000; border-spacing: 1px; "><tbody><tr><td style="border: 1px solid #000; padding: 1px;">内容1-1</td><td style="border: 1px solid #000; padding: 1px;">内容1-2</td><td style="border: 1px solid #000; padding: 1px;">内容1-3</td></tr><tr><td style="border: 1px solid #000; padding: 1px;">内容2-1</td><td style="border: 1px solid #000; padding: 1px;">内容2-2</td><td style="border: 1px solid #000; padding: 1px;">内容2-3</td></tr><tr><td style="border: 1px solid #000; padding: 1px;">内容3-1</td><td style="border: 1px solid #000; padding: 1px;">内容3-2</td><td style="border: 1px solid #000; padding: 1px;">内容3-3</td></tr></tbody></table>| 内容1-1 | 内容1-2 | 内容1-3 | \n| 内容2-1 | 内容2-2 | 内容2-3 | \n| 内容3-1 | 内容3-2 | 内容3-3 | \n| 内容1-1 | 内容1-2 | 内容1-3 | \n| 内容2-1 | 内容2-2 | 内容2-3 | \n| 内容3-1 | 内容3-2 | 内容3-3 | \n| 内容1-1 | 内容1-2 | 内容1-3 | \n| 内容2-1 | 内容2-2 | 内容2-3 | \n| 内容3-1 | 内容3-2 | 内容3-3 | \n| 列1 | 列2 | 列3 | \n| --- | --- | --- | \n| 内容1-1 | 内容1-2 | 内容1-3 | <video src="视频URL" controls width="600"></video>```\n你的代码\n```\n| 内容2-1 | 内容2-2 | 内容2-3 | \n| 内容3-1 | 内容3-2 | 内容3-3 | \n<video src="视频URL" controls width="600"></video><table style="border-collapse: collapse; width: 500px; border: 1px solid #000; border-spacing: 1px; "><tbody><tr><td style="border: 1px solid #000; padding: 1px;">内容1-1</td><td style="border: 1px solid #000; padding: 1px;">内容1-2</td><td style="border: 1px solid #000; padding: 1px;">内容1-3</td></tr><tr><td style="border: 1px solid #000; padding: 1px;">内容2-1</td><td style="border: 1px solid #000; padding: 1px;">内容2-2</td><td style="border: 1px solid #000; padding: 1px;">内容2-3</td></tr><tr><td style="border: 1px solid #000; padding: 1px;">内容3-1</td><td style="border: 1px solid #000; padding: 1px;">内容3-2</td><td style="border: 1px solid #000; padding: 1px;">内容3-3</td></tr></tbody></table>| 内容1-1 | 内容1-2 | 内容1-3 | \n| 内容2-1 | 内容2-2 | 内容2-3 | \n| 内容3-1 | 内容3-2 | 内容3-3 | \n| 内容1-1 | 内容1-2 | 内容1-3 | \n| 内容2-1 | 内容2-2 | 内容2-3 | \n| 内容3-1 | 内容3-2 | 内容3-3 | \n| 内容1-1 | 内容1-2 | 内容1-3 | \n| 内容2-1 | 内容2-2 | 内容2-3 | \n| 内容3-1 | 内容3-2 | 内容3-3 | \n| 列1 | 列2 | 列3 | \n| --- | --- | --- | \n| 内容1-1 | 内容1-2 | 内容1-3 | <video src="视频URL" controls width="600"></video>```\n你的代码\n```\n| 内容2-1 | 内容2-2 | 内容2-3 | \n## | 内容3-1 | 内容3-2 | 内容3-3 | \n<video src="视频URL" controls width="600"></video><video src="视频URL" controls width="600"></video>', 6, 'life', '指南', 'public', 108, '2026-04-18 03:38:23', '2026-04-18 17:18:35', 1, 0, 0),
	(133, '运动健身计划', '# 运动健身计划\n\n## 每周计划\n\n- 周一：力量训练（上肢）\n- 周二：有氧运动（跑步）\n- 周三：休息\n- 周四：力量训练（下肢）\n- 周五：有氧运动（游泳）\n- 周六：全身训练\n- 周日：休息\n\n## 力量训练\n\n- 俯卧撑：3组 × 15次\n- 深蹲：3组 × 12次\n- 卧推：3组 × 10次\n- 硬拉：3组 × 8次\n\n## 有氧运动\n\n- 跑步：30分钟\n- 游泳：45分钟\n- 骑自行车：60分钟\n- 跳绳：20分钟\n\n## 注意事项\n\n- 热身和拉伸\n- 逐渐增加强度\n- 保持正确姿势\n- 充足休息', 4, 'work', '运动,健身,健康', 'private', 92, '2026-04-18 03:38:23', '2026-04-18 03:38:23', 0, 0, 0),
	(134, '旅行计划：日本之旅', '# 旅行计划：日本之旅\n\n## 行程安排\n\n- 东京：3天\n- 京都：2天\n- 大阪：2天\n- 北海道：3天\n\n## 必去景点\n\n- 东京：东京塔、浅草寺、涩谷十字路口\n- 京都：金阁寺、清水寺、伏见稻荷大社\n- 大阪：大阪城、环球影城、道顿堀\n- 北海道：函馆山、富良野、札幌\n\n## 美食推荐\n\n- 寿司\n- 拉面\n- 天妇罗\n- 烤肉\n- 抹茶甜点\n\n## 旅行小贴士\n\n- 提前兑换日元\n- 购买交通卡\n- 下载翻译APP\n- 尊重当地文化', 4, 'entertainment', '旅行,日本,攻略', 'secret', 83, '2026-04-18 03:38:23', '2026-04-18 03:38:23', 0, 0, 0),
	(135, '家居装饰指南', '# 家居装饰指南\n\n## 风格选择\n\n- 北欧风格\n- 现代简约\n- 工业风格\n- 日式风格\n- 美式乡村\n\n## 色彩搭配\n\n- 主色调：中性色\n- 辅助色：1-2种亮色\n- 点缀色：鲜艳色彩\n\n## 空间利用\n\n- 收纳技巧\n- 多功能家具\n- 垂直空间\n- 光线布置\n\n## 装饰元素\n\n- 植物\n- 照片墙\n- 艺术品\n- 抱枕和地毯\n- 灯具', 4, 'tech', '家居,装饰,设计', 'private', 79, '2026-04-18 03:38:23', '2026-04-18 03:38:23', 0, 0, 0),
	(136, '理财入门指南', '# 理财入门指南\n\n## 基本概念\n\n- 收入\n- 支出\n- 储蓄\n- 投资\n- 负债\n\n## 理财步骤\n\n1. 建立紧急基金\n2. 还清高息债务\n3. 投资 retirement\n4. 多元化投资\n\n## 投资工具\n\n- 股票\n- 债券\n- 基金\n- 房地产\n- 加密货币\n\n## 理财误区\n\n- 过度消费\n- 缺乏预算\n- 盲目投资\n- 忽视风险', 4, 'tech', '理财,投资,财务', 'private', 84, '2026-04-18 03:38:23', '2026-04-18 03:38:23', 0, 0, 0),
	(137, '时间管理技巧', '# 时间管理技巧\n\n## 时间管理方法\n\n- Pomodoro 技术\n- GTD (Getting Things Done)\n- Eisenhower Matrix\n- 四象限法则\n\n## 实用工具\n\n- Todoist\n- Trello\n- Google Calendar\n- Notion\n\n## 效率提升\n\n- 批量处理\n- 避免多任务\n- 设定优先级\n- 学会说"不"\n\n## 时间浪费\n\n- 社交媒体\n- 无意义的会议\n- 拖延症\n- 完美主义', 4, 'work', '时间管理,效率, productivity', 'private', 72, '2026-04-18 03:38:23', '2026-04-18 03:38:23', 0, 0, 0),
	(138, '阅读习惯养成', '# 阅读习惯养成\n\n## 阅读计划\n\n- 每天阅读30分钟\n- 每周读完一本书\n- 每月写读书笔记\n- 每年设定阅读目标\n\n## 阅读技巧\n\n- 快速阅读\n- 做笔记\n- 思维导图\n- 讨论和分享\n\n## 推荐书籍\n\n- 自我提升：《原子习惯》\n- 商业：《思考，快与慢》\n- 小说：《百年孤独》\n- 科技：《未来简史》\n\n## 阅读环境\n\n- 安静的空间\n- 舒适的座椅\n- 良好的光线\n- 减少干扰', 4, 'tech', '阅读,习惯,自我提升', 'private', 88, '2026-04-18 03:38:23', '2026-04-18 03:38:23', 0, 0, 0),
	(139, '冥想入门', '# 冥想入门\n\n## 冥想的好处\n\n- 减轻压力\n- 提高专注力\n- 改善睡眠\n- 增强情绪管理\n\n## 冥想方法\n\n- 正念冥想\n- 呼吸冥想\n- 身体扫描\n- 慈悲冥想\n\n## 冥想步骤\n\n1. 找一个安静的地方\n2. 坐直或躺下\n3. 关注呼吸\n4. 当思绪飘走时，轻轻带回\n5. 逐渐增加时间\n\n## 冥想工具\n\n- Headspace\n- Calm\n- Insight Timer\n- 冥想音乐', 4, 'entertainment', '冥想,正念,心理健康', 'private', 76, '2026-04-18 03:38:23', '2026-04-18 03:38:23', 0, 0, 0),
	(140, '烹饪技巧', '# 烹饪技巧\n\n## 基础技巧\n\n- 刀工\n- 火候控制\n- 调味\n- 食材选择\n\n## 常用调料\n\n- 盐\n- 糖\n- 酱油\n- 醋\n- 料酒\n\n## 烹饪方法\n\n- 煎\n- 炒\n- 煮\n- 蒸\n- 烤\n\n## 食谱推荐\n\n- 番茄炒蛋\n- 红烧肉\n- 清蒸鱼\n- 酸辣土豆丝', 4, 'work', '烹饪,美食,技巧', 'private', 67, '2026-04-18 03:38:23', '2026-04-18 03:38:23', 0, 0, 0),
	(141, '睡眠质量改善', '# 睡眠质量改善\n\n## 睡眠环境\n\n- 安静\n- 黑暗\n- 适宜的温度\n- 舒适的床垫\n\n## 睡前习惯\n\n- 避免电子设备\n- 热水澡\n- 阅读\n- 冥想\n\n## 睡眠时间表\n\n- 固定的睡觉时间\n- 固定的起床时间\n- 周末也保持规律\n\n## 睡眠误区\n\n- 睡前喝咖啡\n- 睡前吃大餐\n- 白天睡太多\n- 熬夜补觉', 4, 'work', '睡眠,健康,习惯', 'private', 71, '2026-04-18 03:38:23', '2026-04-18 03:38:23', 0, 0, 0),
	(142, '亲子关系指南', '# 亲子关系指南\n\n## 沟通技巧\n\n- 倾听\n- 共情\n- 积极反馈\n- 非暴力沟通\n\n## 教育方法\n\n- 正面管教\n- 设定边界\n- 鼓励独立\n- 以身作则\n\n## 活动建议\n\n- 家庭聚餐\n- 户外活动\n- 一起阅读\n- 游戏时间\n\n## 常见问题\n\n- 叛逆期\n- 学习压力\n- 屏幕时间\n- 社交问题', 4, 'life', '亲子关系,教育,家庭', 'private', 80, '2026-04-18 03:38:23', '2026-04-18 03:38:23', 1, 0, 0),
	(143, '宠物饲养指南', '# 宠物饲养指南\n\n## 选择宠物\n\n- 猫\n- 狗\n- 兔子\n- 仓鼠\n- 鱼\n\n## 日常护理\n\n- 饮食\n- 运动\n-  grooming\n- 健康检查\n\n## 训练技巧\n\n- 基本命令\n- 如厕训练\n- 社交化\n- 行为纠正\n\n## 常见问题\n\n- 分离焦虑\n- 挑食\n- 健康问题\n- 破坏行为', 4, 'entertainment', '宠物,饲养,动物', 'private', 74, '2026-04-18 03:38:23', '2026-04-18 03:38:23', 0, 0, 0),
	(145, '社交技巧提升', '# 社交技巧提升\n\n## 沟通技巧\n\n- 主动倾听\n- 眼神交流\n- 积极反馈\n- 适当幽默\n\n## 社交场合\n\n- 聚会\n- 职场\n- 网络社交\n- 陌生人交流\n\n## 建立关系\n\n- 真诚\n- 尊重\n- 分享\n- 支持\n\n## 常见问题\n\n- 社交焦虑\n- 冷场\n- 冲突处理\n- 边界设定', 6, 'tech', '', 'private', 77, '2026-04-18 03:38:23', '2026-04-18 17:14:54', 4, 0, 0),
	(146, '时间管理工具', '# 时间管理工具\n\n## 数字工具\n\n- Todoist\n- Trello\n- Google Calendar\n- Notion\n- RescueTime\n\n## 纸质工具\n\n-  Planner\n-  To-do list\n-  时间日志\n-  思维导图\n\n## 时间管理方法\n\n- Pomodoro 技术\n- GTD\n- Eisenhower Matrix\n- 四象限法则\n\n## 效率提升\n\n- 批量处理\n- 番茄工作法\n- 时间块\n- 优先级排序', 4, 'tech', '时间管理,工具,效率', 'private', 73, '2026-04-18 03:38:23', '2026-04-18 03:38:23', 0, 0, 0),
	(147, '健康生活习惯', '# 健康生活习惯\n\n## 日常习惯\n\n- 早起\n- 喝水\n- 运动\n- 冥想\n- 阅读\n\n## 饮食习惯\n\n- 均衡饮食\n- 定时定量\n- 多吃蔬果\n- 减少垃圾食品\n\n## 睡眠习惯\n\n- 规律作息\n- 睡前放松\n- 避免熬夜\n- 充足睡眠\n\n## 心理健康\n\n- 积极心态\n- 压力管理\n- 社交互动\n- 兴趣爱好', 4, 'entertainment', '健康,习惯,生活方式', 'private', 69, '2026-04-18 03:38:23', '2026-04-18 03:38:23', 0, 0, 0),
	(148, '旅行摄影技巧', '# 旅行摄影技巧\n\n## 设备选择\n\n- 手机\n- 单反相机\n- 微单相机\n- 无人机\n\n## 构图技巧\n\n- 三分法\n- 引导线\n- 对称\n- 框架式\n\n## 光线运用\n\n- 黄金时刻\n- 侧光\n- 逆光\n- 散射光\n\n## 后期处理\n\n- 调整曝光\n- 色彩平衡\n- 裁剪\n- 滤镜', 5, 'life', '摄影,旅行,技巧', 'private', 75, '2026-04-18 03:38:23', '2026-04-18 08:01:57', 1, 0, 1),
	(149, '家居收纳技巧', '# 家居收纳技巧\n\n## 收纳原则\n\n- 分类整理\n- 物归原位\n- 减少囤积\n- 利用空间\n\n## 收纳工具\n\n- 收纳盒\n- 收纳袋\n- 置物架\n- 挂钩\n- 抽屉分隔盒\n\n## 空间收纳\n\n- 厨房\n- 卧室\n- 客厅\n- 卫生间\n\n## 收纳误区\n\n- 过度收纳\n- 不分类\n- 忽视使用频率\n- 缺乏维护', 4, 'other', '收纳,家居,整理', 'private', 70, '2026-04-18 03:38:23', '2026-04-18 03:38:23', 0, 0, 0),
	(150, '个人成长计划', '# 个人成长计划\n\n## 目标设定\n\n- 短期目标（1-3个月）\n- 中期目标（3-6个月）\n- 长期目标（1年以上）\n\n## 成长领域\n\n- 职业发展\n- 学习技能\n- 健康生活\n- 人际关系\n- 财务状况\n\n## 行动计划\n\n1. 设定具体目标\n2. 分解为小步骤\n3. 制定时间表\n4. 定期评估\n\n## 成长工具\n\n- 日记\n- 思维导图\n- 学习计划\n- 习惯追踪', 4, 'life', '个人成长,目标,计划', 'private', 78, '2026-04-18 03:38:23', '2026-04-18 03:38:23', 0, 0, 0),
	(151, '学习方法指南', '# 学习方法指南\n\n## 有效学习方法\n\n- 主动学习\n- 间隔重复\n- 费曼学习法\n- 思维导图\n\n## 学习环境\n\n- 安静的空间\n- 良好的光线\n- 减少干扰\n- 舒适的座椅\n\n## 时间管理\n\n- 番茄工作法\n- 时间块\n- 优先级排序\n- 避免拖延\n\n## 记忆技巧\n\n- 联想记忆\n- 视觉记忆\n- 口诀记忆\n- 实践记忆', 4, 'entertainment', '学习方法,效率,记忆', 'public', 118, '2026-04-18 03:38:23', '2026-04-18 17:18:40', 3, 0, 0),
	(152, '编程学习路径', '# 编程学习路径\n\n## 阶段一：基础\n\n- HTML/CSS\n- JavaScript\n- 编程基础概念\n\n## 阶段二：进阶\n\n- 前端框架（React/Vue）\n- 后端语言（Node.js/Python）\n- 数据库（SQL/NoSQL）\n\n## 阶段三：专业\n\n- 系统设计\n- 算法与数据结构\n- DevOps\n- 安全\n\n## 学习资源\n\n- 在线课程\n- 文档\n- 项目实践\n- 社区交流', 4, 'life', '编程,学习路径,技术', 'private', 76, '2026-04-18 03:38:23', '2026-04-18 03:38:23', 0, 0, 0),
	(153, '英语学习技巧', '# 英语学习技巧\n\n## 听力\n\n- 多听英文广播\n- 看英文电影\n- 练习听写\n- 参加英语角\n\n## 口语\n\n- 大声朗读\n- 找语伴\n- 模仿native speaker\n- 不要害怕犯错\n\n## 阅读\n\n- 分级阅读\n- 精读与泛读\n- 积累词汇\n- 做笔记\n\n## 写作\n\n- 写日记\n- 模仿范文\n- 请人批改\n- 定期练习', 4, 'life', '英语,学习技巧,语言', 'private', 82, '2026-04-18 03:38:23', '2026-04-18 03:38:23', 0, 0, 0),
	(154, '数学学习方法', '# 数学学习方法\n\n## 基础概念\n\n- 理解定义\n- 掌握公式\n- 熟悉定理\n\n## 解题技巧\n\n- 多做练习\n- 总结题型\n- 错题分析\n- 思路训练\n\n## 学习资源\n\n- 教材\n- 辅导书\n- 在线课程\n- 学习软件\n\n## 常见问题\n\n- 计算错误\n- 概念混淆\n- 解题速度慢\n- 考试焦虑', 4, 'other', '数学,学习方法,教育', 'private', 73, '2026-04-18 03:38:23', '2026-04-18 03:38:23', 0, 0, 0),
	(155, '历史学习指南', '# 历史学习指南\n\n## 学习方法\n\n- 时间线\n- 事件关联\n- 人物分析\n- 史料阅读\n\n## 历史分期\n\n- 古代史\n- 近代史\n- 现代史\n- 当代史\n\n## 学习资源\n\n- 历史教材\n- 历史纪录片\n- 历史小说\n- 博物馆\n\n## 记忆技巧\n\n- 口诀记忆\n- 图表记忆\n- 联想记忆\n- 故事记忆', 4, 'life', '历史,学习方法,人文', 'private', 77, '2026-04-18 03:38:23', '2026-04-18 03:38:23', 0, 0, 0),
	(156, '科学学习方法', '# 科学学习方法\n\n## 实验精神\n\n- 观察\n- 假设\n- 实验\n- 结论\n\n## 学科学习\n\n- 物理\n- 化学\n- 生物\n- 地理\n\n## 学习资源\n\n- 实验室\n- 科学纪录片\n- 科普书籍\n- 科学博物馆\n\n## 科学思维\n\n- 批判性思维\n- 逻辑推理\n- 问题解决\n- 创新思维', 4, 'life', '科学,学习方法,教育', 'private', 71, '2026-04-18 03:38:23', '2026-04-18 03:38:23', 0, 0, 0),
	(157, '艺术欣赏指南', '# 艺术欣赏指南\n\n## 艺术形式\n\n- 绘画\n- 雕塑\n- 音乐\n- 舞蹈\n- 戏剧\n\n## 艺术流派\n\n- 古典主义\n- 浪漫主义\n- 印象派\n- 现代主义\n- 后现代主义\n\n## 欣赏方法\n\n- 了解背景\n- 观察细节\n- 感受情感\n- 思考意义\n\n## 艺术资源\n\n- 美术馆\n- 音乐会\n- 艺术书籍\n- 在线资源', 4, 'entertainment', '艺术,欣赏,文化', 'private', 79, '2026-04-18 03:38:23', '2026-04-18 03:38:23', 0, 0, 0),
	(158, '哲学入门', '# 哲学入门\n\n## 主要分支\n\n- 形而上学\n- 认识论\n- 伦理学\n- 美学\n- 政治哲学\n\n## 主要哲学家\n\n- 苏格拉底\n- 柏拉图\n- 亚里士多德\n- 笛卡尔\n- 康德\n- 尼采\n\n## 哲学问题\n\n- 存在的意义\n- 知识的来源\n- 道德的标准\n- 美的本质\n\n## 学习方法\n\n- 阅读经典\n- 思考问题\n- 讨论交流\n- 写哲学笔记', 4, 'other', '哲学,入门,思想', 'private', 83, '2026-04-18 03:38:23', '2026-04-18 03:38:23', 0, 0, 0),
	(159, '心理学入门', '# 心理学入门\n\n## 主要分支\n\n- 认知心理学\n- 发展心理学\n- 社会心理学\n- 临床心理学\n- 人格心理学\n\n## 基本概念\n\n- 认知\n- 情绪\n- 动机\n- 人格\n- 社会行为\n\n## 研究方法\n\n- 实验法\n- 观察法\n- 问卷调查\n- 个案研究\n\n## 应用领域\n\n- 教育\n- 工作\n- 健康\n- 人际关系', 4, 'life', '心理学,入门,科学', 'private', 75, '2026-04-18 03:38:23', '2026-04-18 03:38:23', 0, 0, 0),
	(160, '经济学入门', '# 经济学入门\n\n## 基本概念\n\n- 供给与需求\n- 市场均衡\n- GDP\n- 通货膨胀\n- 失业\n\n## 主要分支\n\n- 微观经济学\n- 宏观经济学\n- 国际经济学\n- 发展经济学\n\n## 经济指标\n\n- GDP\n- CPI\n- PPI\n- 失业率\n- 利率\n\n## 经济政策\n\n- 财政政策\n- 货币政策\n- 贸易政策\n- 产业政策', 4, 'other', '经济学,入门,社会科学', 'private', 78, '2026-04-18 03:38:23', '2026-04-18 03:38:23', 0, 0, 0),
	(161, '逻辑学入门', '# 逻辑学入门\n\n## 基本概念\n\n- 命题\n- 推理\n- 论证\n- 有效性\n- 可靠性\n\n## 逻辑形式\n\n- 演绎逻辑\n- 归纳逻辑\n- 类比推理\n- 因果推理\n\n## 逻辑谬误\n\n- 偷换概念\n- 以偏概全\n- 因果倒置\n- 循环论证\n\n## 应用领域\n\n- 数学\n- 哲学\n- 计算机科学\n- 法律', 4, 'tech', '逻辑学,入门,思维', 'private', 72, '2026-04-18 03:38:23', '2026-04-18 03:38:23', 0, 0, 0),
	(162, '批判性思维', '# 批判性思维\n\n## 基本概念\n\n- 分析\n- 评估\n- 推理\n- 反思\n\n## 思维技能\n\n- 识别假设\n- 分析论证\n- 评估证据\n- 得出结论\n\n## 应用场景\n\n- 阅读\n- 写作\n- 决策\n- 问题解决\n\n## 培养方法\n\n- 提问\n- 讨论\n- 辩论\n- 写作', 4, 'other', '批判性思维,思维,教育', 'private', 69, '2026-04-18 03:38:23', '2026-04-18 03:38:23', 0, 0, 0),
	(163, '研究方法', '# 研究方法\n\n## 研究类型\n\n- 定量研究\n- 定性研究\n- 混合研究\n\n## 研究步骤\n\n1. 确定研究问题\n2. 文献综述\n3. 设计研究方案\n4. 收集数据\n5. 分析数据\n6. 撰写报告\n\n## 数据收集方法\n\n- 问卷调查\n- 访谈\n- 观察\n- 实验\n\n## 数据分析\n\n- 统计分析\n- 内容分析\n- 主题分析\n- 话语分析', 4, 'entertainment', '研究方法,学术,教育', 'private', 81, '2026-04-18 03:38:23', '2026-04-18 03:38:23', 0, 0, 0),
	(164, '论文写作指南', '# 论文写作指南\n\n## 论文结构\n\n- 摘要\n- 引言\n- 文献综述\n- 研究方法\n- 结果\n- 讨论\n- 结论\n- 参考文献\n\n## 写作技巧\n\n- 明确论点\n- 逻辑连贯\n- 证据充分\n- 语言准确\n\n## 常见问题\n\n- 结构混乱\n- 论点不明确\n- 证据不足\n- 语言不当\n\n## 写作资源\n\n- 学术数据库\n- 写作指南\n- 导师反馈\n- 同行评审', 4, 'other', '论文写作,学术,教育', 'private', 74, '2026-04-18 03:38:23', '2026-04-18 03:38:23', 0, 0, 0),
	(165, '演讲技巧', '# 演讲技巧\n\n## 演讲准备\n\n- 确定主题\n- 了解 audience\n- 准备材料\n- 练习\n\n## 演讲技巧\n\n- 眼神交流\n- 肢体语言\n- 声音变化\n- 互动\n\n## 常见问题\n\n- 紧张\n- 忘词\n- 时间控制\n-  audience 不感兴趣\n\n## 应对策略\n\n- 深呼吸\n- 准备提纲\n- 练习计时\n- 设计互动环节', 4, 'other', '演讲,沟通,技巧', 'private', 70, '2026-04-18 03:38:23', '2026-04-18 03:38:23', 0, 0, 0),
	(166, '写作技巧', '# 写作技巧\n\n## 写作类型\n\n- 叙述文\n- 议论文\n- 说明文\n- 描写文\n\n## 写作过程\n\n1. 构思\n2. 大纲\n3. 初稿\n4. 修改\n5. 编辑\n\n## 写作技巧\n\n- 明确主题\n- 逻辑结构\n- 生动语言\n- 细节描写\n\n## 常见问题\n\n- 内容空洞\n- 结构混乱\n- 语言平淡\n- 语法错误', 4, 'work', '写作,技巧,教育', 'private', 68, '2026-04-18 03:38:23', '2026-04-18 03:38:23', 0, 0, 0),
	(167, '考试技巧', '# 考试技巧\n\n## 考前准备\n\n- 制定复习计划\n- 整理笔记\n- 做模拟题\n- 充足休息\n\n## 考试策略\n\n- 先易后难\n- 合理分配时间\n- 仔细审题\n- 检查答案\n\n## 不同类型考试\n\n- 选择题\n- 填空题\n- 简答题\n- 论述题\n\n## 常见问题\n\n- 时间不够\n- 紧张\n- 粗心大意\n- 知识漏洞', 4, 'entertainment', '考试,技巧,教育', 'private', 76, '2026-04-18 03:38:23', '2026-04-18 03:38:23', 0, 0, 0),
	(168, '学习资源推荐', '# 学习资源推荐\n\n## 在线课程\n\n- Coursera\n- edX\n- Udemy\n- Khan Academy\n\n## 学习网站\n\n- Stack Overflow\n- GitHub\n- Wikipedia\n- MIT OpenCourseWare\n\n## 学习工具\n\n- Anki（记忆）\n- Notion（笔记）\n- Trello（任务管理）\n- Zotero（文献管理）\n\n## 学习社区\n\n- Reddit\n- Quora\n- 知乎\n- Stack Exchange', 4, 'other', '学习资源,工具,教育', 'private', 73, '2026-04-18 03:38:23', '2026-04-18 03:38:23', 0, 0, 0),
	(169, '终身学习', '# 终身学习\n\n## 学习理念\n\n- 持续学习\n- 自主学习\n- 实践学习\n- 跨学科学习\n\n## 学习领域\n\n- 专业技能\n- 语言学习\n- 兴趣爱好\n- 个人成长\n\n## 学习方法\n\n- 阅读\n- 课程\n- 实践\n- 交流\n\n## 学习心态\n\n- 好奇心\n- 耐心\n- 毅力\n- 开放心态', 4, 'tech', '终身学习,自我提升,教育', 'private', 67, '2026-04-18 03:38:23', '2026-04-18 03:38:23', 0, 0, 0),
	(170, '记忆力提升', '# 记忆力提升\n\n## 记忆类型\n\n- 短期记忆\n- 长期记忆\n- 情景记忆\n- 语义记忆\n\n## 记忆技巧\n\n- 联想记忆\n- 视觉记忆\n- 口诀记忆\n- 重复记忆\n- 间隔重复\n\n## 记忆方法\n\n- 艾宾浩斯遗忘曲线\n- 记忆宫殿\n- 思维导图\n- 费曼学习法\n\n## 记忆健康\n\n- 充足睡眠\n- 健康饮食\n- 适量运动\n- 大脑训练', 4, 'tech', '记忆力,记忆技巧,大脑', 'private', 80, '2026-04-18 03:38:23', '2026-04-18 03:38:23', 0, 0, 0),
	(171, '职场沟通技巧', '# 职场沟通技巧\n\n## 沟通原则\n\n- 清晰明确\n- 积极倾听\n- 尊重他人\n- 及时反馈\n\n## 沟通方式\n\n- 面对面\n- 电子邮件\n- 即时通讯\n- 会议\n\n## 沟通技巧\n\n- 表达清晰\n- 倾听技巧\n- 非语言沟通\n- 冲突处理\n\n## 常见问题\n\n- 沟通误解\n- 信息传递不畅\n- 冲突升级\n- 沟通效率低', 4, 'entertainment', '职场,沟通,技巧', 'secret', 78, '2026-04-18 03:38:23', '2026-04-18 03:38:23', 0, 0, 0),
	(172, '时间管理职场版', '# 时间管理职场版\n\n## 工作时间管理\n\n- 优先级排序\n- 时间块\n- 避免多任务\n- 学会拒绝\n\n## 工具推荐\n\n- Todoist\n- Trello\n- Google Calendar\n- Notion\n\n## 效率提升\n\n- 批量处理\n- 自动化\n- 减少会议\n- 专注时间\n\n## 常见问题\n\n- 拖延症\n- 会议过多\n- 打断频繁\n- 任务切换', 4, 'life', '时间管理,职场,效率', 'private', 72, '2026-04-18 03:38:23', '2026-04-18 03:38:23', 0, 0, 0),
	(173, '职场技能提升', '# 职场技能提升\n\n## 硬技能\n\n- 专业知识\n- 技术能力\n- 数据分析\n- 项目管理\n\n## 软技能\n\n- 沟通能力\n- 团队合作\n- 领导力\n- 问题解决\n\n## 学习方法\n\n- 在线课程\n- 实践项目\n- 导师指导\n- 行业会议\n\n## 技能评估\n\n- SWOT分析\n- 技能矩阵\n- 360度评估\n- 自我反思', 4, 'other', '职场,技能,提升', 'private', 75, '2026-04-18 03:38:23', '2026-04-18 03:38:23', 0, 0, 0),
	(174, '项目管理入门', '# 项目管理入门\n\n## 项目生命周期\n\n- 启动\n- 规划\n- 执行\n- 监控\n- 收尾\n\n## 核心知识领域\n\n- 范围管理\n- 时间管理\n- 成本管理\n- 质量管理\n- 人力资源管理\n- 沟通管理\n- 风险管理\n- 采购管理\n\n## 项目管理工具\n\n- Jira\n- Trello\n- Asana\n- Microsoft Project\n\n## 项目管理方法\n\n-  waterfall\n-  agile\n-  scrum\n-  kanban', 4, 'work', '项目管理,入门,技能', 'private', 84, '2026-04-18 03:38:23', '2026-04-18 03:38:23', 0, 0, 0),
	(175, '职场人际关系', '# 职场人际关系\n\n## 与同事相处\n\n- 尊重\n- 合作\n- 分享\n- 支持\n\n## 与上级沟通\n\n- 及时汇报\n- 主动沟通\n- 解决方案\n- 尊重权威\n\n## 与下属相处\n\n- 明确期望\n- 提供反馈\n- 支持成长\n- 公平公正\n\n## 网络建设\n\n- 行业活动\n- 社交媒体\n- 专业协会\n- 校友网络', 4, 'tech', '职场,人际关系,沟通', 'private', 74, '2026-04-17 01:38:23', '2026-04-25 08:16:49', 1, 0, 1),
	(176, '职场压力管理', '# 职场压力管理\n\n## 压力来源\n\n- 工作负荷\n- 时间压力\n- 人际关系\n- 职业发展\n\n## 应对策略\n\n- 时间管理\n- 设定边界\n- 放松技巧\n- 寻求支持\n\n## 健康习惯\n\n- 运动\n- 饮食\n- 睡眠\n- 冥想\n\n## 长期策略\n\n- 技能提升\n- 职业规划\n- 工作生活平衡\n- 心理调适', 4, 'entertainment', '职场,压力管理,健康', 'private', 77, '2026-04-19 03:38:23', '2026-04-25 08:16:53', 0, 0, 0),
	(177, '职场晋升指南', '# 职场晋升指南\n\n## 晋升准备\n\n- 明确目标\n- 提升技能\n- 建立影响力\n- 展示成果\n\n## 晋升策略\n\n- 主动承担责任\n- 建立网络\n- 寻求反馈\n- 持续学习\n\n## 面试准备\n\n- 准备案例\n- 突出成果\n- 展示领导力\n- 表达愿景\n\n## 常见障碍\n\n- 缺乏可见性\n- 技能差距\n- 人际关系\n- 时机不当', 4, 'other', '职场,晋升,职业发展', 'private', 74, '2026-04-20 03:38:23', '2026-04-25 08:16:58', 1, 0, 2),
	(178, '远程工作指南', '# 远程工作指南\n\n## 工作环境\n\n- 专门的工作空间\n- 舒适的设备\n- 良好的网络\n- 减少干扰\n\n## 工作习惯\n\n- 固定作息\n- 设定目标\n- 定期沟通\n- 自我管理\n\n## 沟通工具\n\n- Zoom\n- Slack\n- Trello\n- Google Workspace\n\n## 挑战应对\n\n- 孤独感\n- 工作生活边界\n- 沟通障碍\n- 自我激励', 4, 'life', '远程工作,职场,效率', 'private', 85, '2026-04-21 03:38:23', '2026-04-25 08:17:03', 3, 0, 3),
	(179, '职场礼仪', '# 职场礼仪\n\n## 日常礼仪\n\n- 准时\n- 着装得体\n- 礼貌用语\n- 尊重他人\n\n## 会议礼仪\n\n- 提前准备\n- 积极参与\n- 尊重发言\n- 会议记录\n\n## 邮件礼仪\n\n- 清晰主题\n- 简洁内容\n- 适当称呼\n- 及时回复\n\n## 社交礼仪\n\n- 名片交换\n- 餐桌礼仪\n- 礼物赠送\n- 社交活动', 4, 'tech', '职场,礼仪,专业', 'private', 68, '2026-04-22 03:38:23', '2026-04-25 08:17:12', 0, 0, 1),
	(180, '创业指南', '# 创业指南\n\n## 创业准备\n\n- 市场调研\n- 商业计划\n- 资金准备\n- 团队组建\n\n## 创业阶段\n\n- 种子期\n- 启动期\n- 成长期\n- 扩张期\n\n## 创业挑战\n\n- 资金\n- 人才\n- 市场\n- 竞争\n\n## 创业资源\n\n- 孵化器\n- 加速器\n- 投资人\n- 创业社区', 4, 'tech', '创业,指南,商业', 'private', 102, '2026-04-24 03:38:23', '2026-04-30 09:25:08', 2, 3, 1),
	(181, '职场学习与发展', '# 职场学习与发展\n\n## 学习策略\n\n- 制定学习计划\n- 选择学习资源\n- 实践应用\n- 分享知识\n\n## 发展路径\n\n- 专业专家\n- 管理路径\n- 创业路径\n- 跨领域发展\n\n## 技能评估\n\n- 自我评估\n- 360度评估\n- 技能差距分析\n- 发展计划\n\n## 学习资源\n\n- 在线课程\n- 行业会议\n- 导师指导\n- 专业书籍', 4, 'work', '职场,学习,发展', 'private', 77, '2026-04-24 03:38:23', '2026-04-25 08:17:23', 1, 2, 1),
	(182, '职场写作', '# 职场写作\n\n## 写作类型\n\n- 邮件\n- 报告\n- 提案\n- 简历\n- 社交媒体\n\n## 写作技巧\n\n- 清晰明确\n- 简洁有力\n- 结构合理\n- 语言专业\n\n## 常见问题\n\n- 内容冗长\n- 逻辑混乱\n- 语言不当\n- 格式错误\n\n## 写作工具\n\n- Grammarly\n- Hemingway Editor\n- Google Docs\n- Microsoft Word', 4, 'work', '职场,写作,沟通', 'private', 99, '2026-04-25 03:38:23', '2026-04-25 08:17:29', 2, 0, 1),
	(183, '职场演讲', '# 职场演讲\n\n## 演讲类型\n\n- 项目汇报\n- 产品演示\n- 培训讲座\n- 会议发言\n\n## 演讲准备\n\n- 明确目标\n- 了解 audience\n- 准备材料\n- 练习\n\n## 演讲技巧\n\n- 结构清晰\n- 语言生动\n- 肢体语言\n- 互动交流\n\n## 常见问题\n\n- 紧张\n- 时间控制\n- 内容过多\n-  audience 不感兴趣', 4, 'work', '职场,演讲,沟通', 'private', 76, '2026-04-18 03:38:23', '2026-04-18 03:38:23', 0, 0, 0),
	(184, '职场冲突管理', '# 职场冲突管理\n\n## 冲突类型\n\n- 任务冲突\n- 关系冲突\n- 过程冲突\n- 价值冲突\n\n## 冲突原因\n\n- 目标差异\n- 沟通不畅\n- 资源竞争\n- 角色不清\n\n## 解决策略\n\n- 合作\n- 妥协\n- 回避\n- 竞争\n- 迁就\n\n## 预防措施\n\n- 明确期望\n- 有效沟通\n- 建立信任\n- 团队建设', 4, 'work', '职场,冲突管理,沟通', 'private', 72, '2026-04-18 03:38:23', '2026-04-18 03:38:23', 0, 0, 0),
	(185, '职场创新', '# 职场创新\n\n## 创新思维\n\n- 发散思维\n- 批判性思维\n- 系统思维\n- 设计思维\n\n## 创新方法\n\n- 头脑风暴\n- 思维导图\n- 原型设计\n- 用户研究\n\n## 创新环境\n\n- 开放文化\n- 资源支持\n- 容错机制\n- 激励措施\n\n## 创新应用\n\n- 产品创新\n- 流程创新\n- 服务创新\n- 商业模式创新', 4, 'entertainment', '职场,创新,思维', 'private', 78, '2026-04-18 03:38:23', '2026-04-18 03:38:23', 0, 0, 0),
	(186, '职场健康', '# 职场健康\n\n## 身体健康\n\n- 正确坐姿\n- 定期运动\n- 健康饮食\n- 充足休息\n\n## 心理健康\n\n- 压力管理\n- 工作生活平衡\n- 积极心态\n- 寻求支持\n\n## 工作环境\n\n-  ergonomic 设备\n- 良好的光线\n- 适当的温度\n- 减少噪音\n\n## 健康计划\n\n- 体检\n- 健康保险\n-  wellness 项目\n- 健康讲座', 4, 'tech', '职场,健康,生活', 'private', 71, '2026-04-18 03:38:23', '2026-04-18 03:38:23', 0, 0, 0),
	(187, '职场时间管理', '# 职场时间管理\n\n## 时间管理方法\n\n- 四象限法则\n- 番茄工作法\n- 时间块\n- GTD\n\n## 优先级管理\n\n- 重要紧急\n- 重要不紧急\n- 紧急不重要\n- 不紧急不重要\n\n## 效率提升\n\n- 减少会议\n- 批量处理\n- 自动化\n- 委托\n\n## 时间浪费\n\n- 社交媒体\n- 无意义的会议\n- 多任务\n- 拖延', 4, 'work', '职场,时间管理,效率', 'private', 67, '2026-04-18 03:38:23', '2026-04-18 03:38:23', 0, 0, 0),
	(188, '职场沟通工具', '# 职场沟通工具\n\n## 即时通讯\n\n- Slack\n- Microsoft Teams\n- 微信\n- QQ\n\n## 视频会议\n\n- Zoom\n- Microsoft Teams\n- Google Meet\n- 腾讯会议\n\n## 项目管理\n\n- Jira\n- Trello\n- Asana\n- Basecamp\n\n## 文档协作\n\n- Google Docs\n- Microsoft Office 365\n- Notion\n- Confluence', 4, 'other', '职场,沟通工具,效率', 'private', 73, '2026-04-18 03:38:23', '2026-04-18 03:38:23', 0, 0, 0),
	(189, '职场领导力', '# 职场领导力\n\n## 领导特质\n\n- 愿景\n- 沟通\n- 决策\n- 激励\n- 诚信\n\n## 领导风格\n\n- 民主型\n- 专制型\n- 放任型\n- 变革型\n- 服务型\n\n## 领导技能\n\n- 团队建设\n- 冲突管理\n- 决策制定\n- 资源分配\n\n## 领导力发展\n\n- 自我反思\n- 导师指导\n- 领导力培训\n- 实践机会', 4, 'entertainment', '职场,领导力,管理', 'private', 80, '2026-04-18 03:38:23', '2026-04-18 03:38:23', 0, 0, 0),
	(190, '职场适应能力', '# 职场适应能力\n\n## 适应能力\n\n- 学习能力\n- 灵活性\n- 韧性\n- 问题解决\n\n## 应对变化\n\n- 接受变化\n- 主动学习\n- 寻找机会\n- 保持积极\n\n## 职业转型\n\n- 技能评估\n- 学习新技能\n- 网络建设\n- 适应新环境\n\n## 未来职场\n\n- 自动化\n- 远程工作\n-  gig economy\n- 持续学习', 4, 'tech', '职场,适应能力,职业发展', 'private', 75, '2026-04-18 03:38:23', '2026-04-18 03:38:23', 0, 0, 0),
	(191, '人工智能入门', '# 人工智能入门\n\n## 基本概念\n\n- 机器学习\n- 深度学习\n- 神经网络\n- 自然语言处理\n- 计算机视觉\n\n## 应用领域\n\n- 语音识别\n- 图像识别\n- 自然语言处理\n- 推荐系统\n- 自动驾驶\n\n## 学习路径\n\n- 数学基础\n- 编程基础\n- 机器学习算法\n- 深度学习框架\n\n## 学习资源\n\n- 在线课程\n- 书籍\n- 开源项目\n- 研究论文', 4, 'life', '人工智能,入门,技术', 'public', 187, '2026-04-18 03:38:23', '2026-04-18 17:28:33', 2, 0, 0),
	(192, '区块链技术', '# 区块链技术\n\n## 基本概念\n\n- 分布式账本\n- 共识机制\n- 智能合约\n- 加密货币\n\n## 区块链类型\n\n- 公有链\n- 私有链\n- 联盟链\n\n## 应用场景\n\n- 金融\n- 供应链\n- 医疗\n- 投票\n- 数字身份\n\n## 挑战与未来\n\n- 可扩展性\n- 安全性\n- 监管\n- 环保问题', 4, 'work', '区块链,技术,金融', 'private', 76, '2026-04-18 03:38:23', '2026-04-18 03:38:23', 0, 0, 0),
	(193, '虚拟现实技术', '# 虚拟现实技术\n\n## 基本概念\n\n- VR\n- AR\n- MR\n- XR\n\n## 应用领域\n\n- 游戏\n- 教育\n- 医疗\n- 培训\n- 娱乐\n\n## 技术组件\n\n- 头显\n- 控制器\n- 追踪系统\n- 内容创作\n\n## 未来发展\n\n- 无线化\n- 轻量化\n- 5G 支持\n- 元宇宙', 4, 'entertainment', '虚拟现实,技术,未来', 'private', 72, '2026-04-18 03:38:23', '2026-04-18 03:38:23', 0, 0, 0),
	(194, '量子计算入门', '# 量子计算入门\n\n## 基本概念\n\n- 量子比特\n- 叠加态\n- 纠缠\n- 量子门\n\n## 量子算法\n\n- Shor 算法\n- Grover 算法\n- 量子机器学习\n\n## 应用领域\n\n- 密码学\n- 材料科学\n- 药物发现\n- 金融建模\n\n## 挑战与未来\n\n- 量子纠错\n- 量子硬件\n- 量子软件\n- 人才培养', 4, 'work', '量子计算,入门,技术', 'private', 79, '2026-04-18 03:38:23', '2026-04-18 03:38:23', 0, 0, 0),
	(195, '元宇宙概念', '# 元宇宙概念\n\n## 基本概念\n\n- 虚拟世界\n- 数字身份\n- 虚拟经济\n- 社交互动\n\n## 技术基础\n\n- 虚拟现实\n- 增强现实\n- 区块链\n- 人工智能\n- 5G\n\n## 应用场景\n\n- 游戏\n- 社交\n- 工作\n- 教育\n- 娱乐\n\n## 挑战与未来\n\n- 技术成熟度\n- 隐私安全\n- 监管\n- 数字鸿沟', 4, 'other', '元宇宙,未来,技术', 'private', 74, '2026-04-18 03:38:23', '2026-04-18 03:38:23', 0, 0, 0),
	(196, '太空探索', '# 太空探索\n\n## 历史里程碑\n\n- 人类登月\n- 空间站建设\n- 火星探索\n- 深空探测\n\n## 当代项目\n\n- 国际空间站\n- 火星车\n- 商业航天\n- 月球基地计划\n\n## 技术挑战\n\n- 火箭技术\n- 生命支持\n- 辐射防护\n- 长期太空居住\n\n## 未来展望\n\n- 火星殖民\n- 小行星采矿\n- 太空旅游\n- 系外行星探索', 4, 'life', '太空探索,科学,未来', 'private', 81, '2026-04-18 03:38:23', '2026-04-18 03:38:23', 0, 0, 0),
	(197, '气候变化与环保', '# 气候变化与环保\n\n## 气候变化现状\n\n- 全球变暖\n- 极端天气\n- 海平面上升\n- 生物多样性减少\n\n## 原因分析\n\n- 温室气体排放\n- 森林砍伐\n- 工业化\n- 过度消费\n\n## 解决方案\n\n- 可再生能源\n- 节能减排\n- 环保政策\n- 可持续发展\n\n## 个人行动\n\n- 减少碳足迹\n- 绿色消费\n- 环保意识\n- 参与环保活动', 4, 'life', '气候变化,环保,可持续发展', 'private', 77, '2026-04-18 03:38:23', '2026-04-18 03:38:23', 0, 0, 0),
	(198, '未来科技趋势', '# 未来科技趋势\n\n## 人工智能\n\n- 通用人工智能\n- 边缘计算\n- 联邦学习\n- AI 伦理\n\n## 生物技术\n\n- 基因编辑\n- 合成生物学\n- 再生医学\n- 生物信息学\n\n## 信息技术\n\n- 5G/6G\n- 量子计算\n- 物联网\n- 区块链\n\n## 能源技术\n\n- 可再生能源\n- 氢能\n- 核能\n- 能源存储', 4, 'entertainment', '未来科技,趋势,技术', 'private', 70, '2026-04-18 03:38:23', '2026-04-18 03:38:23', 0, 0, 0),
	(199, '数字隐私与安全', '# 数字隐私与安全\n\n## 隐私威胁\n\n- 数据泄露\n- 网络监控\n- 身份盗窃\n- 恶意软件\n\n## 安全措施\n\n- 加密技术\n- 双因素认证\n- 安全软件\n- 安全意识\n\n## 法律法规\n\n- GDPR\n- CCPA\n- 网络安全法\n- 数据保护法规\n\n## 未来挑战\n\n- 人工智能监控\n- 量子计算威胁\n- 物联网安全\n- 数字身份管理', 4, 'life', '数字隐私,网络安全,技术', 'private', 75, '2026-04-18 03:38:23', '2026-04-18 03:38:23', 0, 0, 0),
	(200, '可持续发展', '# 可持续发展\n\n## 基本概念\n\n- 经济可持续\n- 社会可持续\n- 环境可持续\n\n## 可持续发展目标\n\n- 消除贫困\n- 零饥饿\n- 良好健康\n- 优质教育\n- 性别平等\n- 清洁饮水\n- 清洁能源\n- 体面工作\n\n## 企业责任\n\n- ESG 标准\n- 可持续供应链\n- 绿色生产\n- 社会公益\n\n## 个人行动\n\n- 可持续消费\n- 减少浪费\n- 环保生活\n- 社区参与', 4, 'entertainment', '可持续发展,环保,社会责任', 'private', 84, '2026-04-18 03:38:23', '2026-04-18 03:38:23', 0, 0, 0),
	(201, '教育创新', '# 教育创新\n\n## 教育趋势\n\n- 在线教育\n- 个性化学习\n- 项目式学习\n- 混合学习\n\n## 教育技术\n\n- 学习管理系统\n- 教育游戏\n- 虚拟现实教育\n- AI 教育助手\n\n## 教育改革\n\n- 课程设计\n- 评估方式\n- 教师培训\n- 教育政策\n\n## 未来教育\n\n- 终身学习\n- 技能导向\n- 跨学科学习\n- 全球教育合作', 4, 'work', '教育创新,教育,技术', 'private', 71, '2026-04-18 03:38:23', '2026-04-18 03:38:23', 0, 0, 0),
	(202, '医疗科技', '# 医疗科技\n\n## 数字医疗\n\n- 电子病历\n- 远程医疗\n- 健康监测\n- 医疗 AI\n\n## 生物技术\n\n- 基因测序\n- 精准医疗\n- 再生医学\n- 生物制药\n\n## 医疗设备\n\n- 智能医疗器械\n- 可穿戴设备\n- 手术机器人\n- 3D 打印\n\n## 未来趋势\n\n- 个性化医疗\n- 预防医学\n- 数字孪生\n- 医疗区块链', 4, 'other', '医疗科技,健康,技术', 'private', 78, '2026-04-18 03:38:23', '2026-04-18 03:38:23', 0, 0, 0),
	(203, '城市发展', '# 城市发展\n\n## 智慧城市\n\n- 智能交通\n- 智能能源\n- 智能安防\n- 智能服务\n\n## 可持续城市\n\n- 绿色建筑\n- 公共交通\n- 城市绿化\n- 资源循环\n\n## 城市挑战\n\n- 人口增长\n- 交通拥堵\n- 环境污染\n- 住房问题\n\n## 未来城市\n\n- 海绵城市\n- 垂直城市\n- 韧性城市\n- 数字城市', 4, 'tech', '城市发展,智慧城市,可持续', 'private', 73, '2026-04-18 03:38:23', '2026-04-18 03:38:23', 0, 0, 0),
	(204, '文化传承', '# 文化传承\n\n## 传统文化\n\n- 非物质文化遗产\n- 传统节日\n- 民间艺术\n- 传统工艺\n\n## 文化保护\n\n- 文物保护\n- 古籍整理\n- 传统技艺传承\n- 文化教育\n\n## 文化创新\n\n- 传统文化现代化\n- 文化创意产业\n- 文化交流\n- 数字文化\n\n## 文化自信\n\n- 文化认同\n- 文化输出\n- 文化多样性\n- 文化软实力', 4, 'other', '文化,传承,传统', 'private', 69, '2026-04-18 03:38:23', '2026-04-18 03:38:23', 0, 0, 0),
	(205, '科技创新', '# 科技创新\n\n## 创新类型\n\n- 产品创新\n- 工艺创新\n- 商业模式创新\n- 服务创新\n\n## 创新过程\n\n- 创意生成\n- 原型开发\n- 测试验证\n- 商业化\n\n## 创新环境\n\n- 政策支持\n- 资金支持\n- 人才培养\n- 产学研合作\n\n## 创新案例\n\n- 互联网创新\n- 生物医药创新\n- 新能源创新\n- 人工智能创新', 4, 'work', '科技创新,创新,技术', 'private', 74, '2026-04-18 03:38:23', '2026-04-18 03:38:23', 0, 0, 0),
	(206, '太空技术', '# 太空技术\n\n## 火箭技术\n\n- 液体火箭\n- 固体火箭\n- 可重复使用火箭\n- 离子推进器\n\n## 卫星技术\n\n- 通信卫星\n- 遥感卫星\n- 导航卫星\n- 科学卫星\n\n## 空间站\n\n- 国际空间站\n- 天宫空间站\n- 未来空间站计划\n\n## 深空探测\n\n- 月球探测\n- 火星探测\n- 小行星探测\n- 太阳系探测', 4, 'tech', '太空技术,航天,科技', 'private', 77, '2026-04-18 03:38:23', '2026-04-18 03:38:23', 0, 0, 0),
	(207, '海洋探索', '# 海洋探索\n\n## 海洋科学\n\n- 海洋生物学\n- 海洋地质学\n- 海洋物理学\n- 海洋化学\n\n## 海洋技术\n\n- 深海探测器\n- 海洋卫星\n- 海洋观测系统\n- 海洋资源开发\n\n## 海洋资源\n\n- 渔业资源\n- 矿产资源\n- 能源资源\n- 水资源\n\n## 海洋保护\n\n- 海洋污染\n- 海洋生态\n- 海洋保护区\n- 可持续海洋开发', 4, 'tech', '海洋探索,海洋,科学', 'private', 74, '2026-04-18 03:38:23', '2026-04-18 03:38:23', 1, 0, 1),
	(208, '新能源技术', '# 新能源技术\n\n## 太阳能\n\n- 光伏电池\n- 太阳能热发电\n- 太阳能建筑\n- 太阳能汽车\n\n## 风能\n\n- 风力发电\n- 海上风电\n- 风能存储\n- 智能风电\n\n## 氢能\n\n- 氢燃料电池\n- 制氢技术\n- 储氢技术\n- 氢能应用\n\n## 其他新能源\n\n- 生物质能\n- 地热能\n- 潮汐能\n- 波浪能', 4, 'life', '新能源,可再生能源,技术', 'private', 79, '2026-04-18 03:38:23', '2026-04-18 03:38:23', 0, 0, 0),
	(209, '数字经济', '# 数字经济\n\n## 数字产业\n\n- 互联网\n- 大数据\n- 云计算\n- 人工智能\n\n## 数字转型\n\n- 企业数字化\n- 产业数字化\n- 政府数字化\n- 社会数字化\n\n## 数字技术\n\n- 5G\n- 物联网\n- 区块链\n- 元宇宙\n\n## 数字治理\n\n- 数字政策\n- 数字安全\n- 数字素养\n- 数字鸿沟', 4, 'other', '数字经济,数字技术,经济', 'private', 75, '2026-04-18 03:38:23', '2026-04-18 03:38:23', 0, 0, 0),
	(210, '生物技术', '# 生物技术\n\n## 基因技术\n\n- 基因测序\n- 基因编辑\n- 基因治疗\n- 转基因技术\n\n## 生物制药\n\n- 疫苗\n- 抗体药物\n- 细胞治疗\n- 基因药物\n\n## 农业生物技术\n\n- 转基因作物\n- 生物农药\n- 动物克隆\n- 精准农业\n\n## 环境生物技术\n\n- 生物修复\n- 生物燃料\n- 生物降解\n- 生物监测', 4, 'life', '生物技术,生物,科学', 'private', 81, '2026-04-18 03:38:23', '2026-04-18 03:38:23', 0, 0, 0),
	(211, '智能交通', '# 智能交通\n\n## 自动驾驶\n\n- L1-L5 自动驾驶\n- 传感器技术\n- 车联网\n- 自动驾驶法规\n\n## 智能交通系统\n\n- 智能信号灯\n- 交通监控\n- 智能导航\n- 交通管理\n\n## 新能源交通\n\n- 电动汽车\n- 氢燃料电池汽车\n- 智能充电\n- 共享交通\n\n## 未来交通\n\n- 飞行汽车\n- 超级高铁\n- 地下交通\n- 智能交通生态', 4, 'other', '智能交通,交通,技术', 'private', 76, '2026-04-18 03:38:23', '2026-04-18 03:38:23', 0, 0, 0),
	(212, '新材料技术', '# 新材料技术\n\n## 先进材料\n\n- 碳纤维\n-  graphene\n- 纳米材料\n- 复合材料\n\n## 功能材料\n\n- 半导体材料\n- 超导材料\n- 磁性材料\n- 光学材料\n\n## 能源材料\n\n- 电池材料\n- 光伏材料\n- 氢能材料\n- 储能材料\n\n## 生物材料\n\n- 组织工程材料\n- 药物载体材料\n- 生物传感器材料\n- 可降解材料', 4, 'other', '新材料,材料科学,技术', 'private', 73, '2026-04-18 03:38:23', '2026-04-18 03:38:23', 0, 0, 0),
	(213, '健康科技', '# 健康科技\n\n## 数字健康\n\n- 健康监测设备\n- 健康APP\n- 远程医疗\n- 电子病历\n\n## 医疗技术\n\n- 微创手术\n- 机器人手术\n- 3D打印医疗\n- 精准医疗\n\n## 健康管理\n\n- 预防医学\n- 个性化健康\n- 健康大数据\n- 健康AI\n\n## 未来健康\n\n- 基因编辑\n- 再生医学\n- 数字孪生\n- 长寿研究', 4, 'other', '健康科技,健康,技术', 'private', 70, '2026-04-18 03:38:23', '2026-04-18 03:38:23', 0, 0, 0),
	(214, '教育技术', '# 教育技术\n\n## 在线教育\n\n- MOOC\n- 在线课程平台\n- 直播教学\n- 录播课程\n\n## 教育工具\n\n- 学习管理系统\n- 教育APP\n- 智能学习工具\n- 教育游戏\n\n## 教育创新\n\n- 翻转课堂\n- 项目式学习\n- 个性化学习\n- 混合学习\n\n## 未来教育\n\n- VR教育\n- AI教育助手\n- 终身学习平台\n- 全球教育合作', 4, 'work', '教育技术,教育,技术', 'private', 68, '2026-04-18 03:38:23', '2026-04-18 03:38:23', 0, 0, 0),
	(215, '金融科技', '# 金融科技\n\n## 支付技术\n\n- 移动支付\n- 数字钱包\n- 区块链支付\n- 跨境支付\n\n## 理财科技\n\n- 智能投顾\n- 机器人理财\n- 财富管理APP\n- 金融大数据\n\n## 保险科技\n\n- 保险科技\n- 健康保险科技\n- 车险科技\n- 保险AI\n\n## 监管科技\n\n- 合规科技\n- 反洗钱\n- 风险控制\n- 金融安全', 4, 'life', '金融科技,金融,技术', 'public', 80, '2026-04-18 03:38:23', '2026-04-18 11:46:36', 0, 0, 0),
	(216, '农业科技', '# 农业科技\n\n## 精准农业\n\n- 卫星遥感\n- 无人机\n- 智能灌溉\n- 土壤监测\n\n## 农业生物技术\n\n- 转基因作物\n- 生物农药\n- 作物育种\n- 动物生物技术\n\n## 农业机械化\n\n- 智能农机\n- 自动化设备\n- 农业机器人\n- 智能温室\n\n## 农业信息化\n\n- 农业大数据\n- 农产品追溯\n- 农业电商\n- 智慧农业平台', 4, 'life', '农业科技,农业,技术', 'private', 78, '2026-04-18 03:38:23', '2026-04-18 03:38:23', 1, 0, 0),
	(217, '环境科技', '# 环境科技\n\n## 环保技术\n\n- 污水处理\n- 大气治理\n- 固废处理\n- 土壤修复\n\n## 环境监测\n\n- 环境传感器\n- 遥感监测\n- 环境大数据\n- 智能监测系统\n\n## 清洁能源\n\n- 太阳能\n- 风能\n- 氢能\n- 生物质能\n\n## 可持续技术\n\n- 绿色建筑\n- 循环经济\n- 低碳技术\n- 生态修复', 4, 'other', '环境科技,环保,技术', 'private', 71, '2026-04-18 03:38:23', '2026-04-18 03:38:23', 0, 0, 0),
	(218, '安全技术', '# 安全技术\n\n## 网络安全\n\n- 防火墙\n- 入侵检测\n- 加密技术\n- 安全认证\n\n## 物理安全\n\n- 视频监控\n- 门禁系统\n- 生物识别\n- 智能安防\n\n## 信息安全\n\n- 数据保护\n- 隐私保护\n- 安全审计\n- 灾难恢复\n\n## 安全管理\n\n- 安全政策\n- 安全培训\n- 安全评估\n- 安全应急', 4, 'other', '安全技术,安全,技术', 'private', 67, '2026-04-18 03:38:23', '2026-04-18 03:38:23', 0, 0, 0),
	(219, '娱乐科技', '# 娱乐科技\n\n## 游戏技术\n\n- 游戏引擎\n- VR/AR游戏\n- 云游戏\n- 游戏AI\n\n## 影视技术\n\n- 特效技术\n- 3D电影\n- 虚拟现实影视\n- 流媒体\n\n## 音乐技术\n\n- 数字音乐\n- AI音乐创作\n- 音乐流媒体\n- 音乐制作软件\n\n## 互动娱乐\n\n- 主题公园\n- 沉浸式体验\n- 互动展览\n- 数字艺术', 4, 'other', '娱乐科技,娱乐,技术', 'private', 75, '2026-04-18 03:38:23', '2026-04-18 03:38:23', 0, 0, 0),
	(220, '体育科技', '# 体育科技\n\n## 运动装备\n\n- 智能运动装备\n- 可穿戴设备\n- 运动传感器\n- 运动数据分析\n\n## 训练技术\n\n- 视频分析\n- 模拟训练\n- 生物力学分析\n- 康复技术\n\n## 赛事科技\n\n- 裁判技术\n- 直播技术\n- 观众体验\n- 赛事管理\n\n## 体育产业\n\n- 体育大数据\n- 体育电商\n- 体育博彩\n- 体育传媒', 4, 'other', '体育科技,体育,技术', 'private', 72, '2026-04-18 03:38:23', '2026-04-18 03:38:23', 0, 0, 0),
	(221, '时尚科技', '# 时尚科技\n\n## 智能服装\n\n- 可穿戴设备\n- 智能面料\n- 功能服装\n- 健康监测服装\n\n## 时尚设计\n\n- 3D打印服装\n- AI设计\n- 虚拟试衣\n- 数字时尚\n\n## 时尚产业\n\n- 时尚电商\n- 供应链管理\n- 品牌数字化\n- 时尚大数据\n\n## 可持续时尚\n\n- 环保面料\n- 循环时尚\n- 可持续生产\n- 二手时尚', 4, 'other', '时尚科技,时尚,技术', 'private', 77, '2026-04-18 03:38:23', '2026-04-18 03:38:23', 0, 0, 0),
	(222, '旅游科技', '# 旅游科技\n\n## 旅游平台\n\n- OTA平台\n- 旅游APP\n- 旅游搜索引擎\n- 旅游社交\n\n## 智能旅游\n\n- 智能导览\n- AR旅游\n- 虚拟旅游\n- 旅游机器人\n\n## 旅游管理\n\n- 智慧景区\n- 旅游大数据\n- 旅游安全\n- 旅游预测\n\n## 未来旅游\n\n- 太空旅游\n- 沉浸式旅游\n- 可持续旅游\n- 个性化旅游', 4, 'entertainment', '旅游科技,旅游,技术', 'private', 70, '2026-04-18 03:38:23', '2026-04-18 03:38:23', 0, 0, 0),
	(223, '用户10的技术文章1', '# 用户10的技术文章1\n\n这是一篇关于技术的文章，标签为管理。\n\n## 内容\n\n这是文章的主要内容，包含多个段落。\n\n- 列表项1\n- 列表项2\n- 列表项3\n\n```javascript\n// 示例代码\nfunction example() {\n    console.log("Hello World!");\n}\n\nexample();\n```\n\n> 这是一个引用。\n\n这是文章的结尾部分。', 10, 'work', '管理', 'public', 946, '2026-04-03 19:02:37', '2026-04-03 19:02:37', 41, 0, 0),
	(224, '用户10的工作文章2', '# 用户10的工作文章2\n\n这是一篇关于工作的文章，标签为后端。\n\n## 内容\n\n这是文章的主要内容，包含多个段落。\n\n- 列表项1\n- 列表项2\n- 列表项3\n\n```javascript\n// 示例代码\nfunction example() {\n    console.log("Hello World!");\n}\n\nexample();\n```\n\n> 这是一个引用。\n\n这是文章的结尾部分。', 10, 'tech', '后端', 'public', 317, '2026-04-10 19:02:37', '2026-04-10 19:02:37', 85, 0, 0),
	(225, '用户10的工作文章3', '# 用户10的工作文章3\n\n这是一篇关于工作的文章，标签为阅读。\n\n## 内容\n\n这是文章的主要内容，包含多个段落。\n\n- 列表项1\n- 列表项2\n- 列表项3\n\n```javascript\n// 示例代码\nfunction example() {\n    console.log("Hello World!");\n}\n\nexample();\n```\n\n> 这是一个引用。\n\n这是文章的结尾部分。<video src="视频URL" controls width="600"></video><video src="视频URL" controls width="600"></video><video src="视频URL" controls width="600"></video><video src="视频URL" controls width="600"></video>', 10, 'tech', '爱技术', 'public', 215, '2026-04-13 19:02:37', '2026-04-13 19:02:37', 25, 0, 0),
	(226, '用户10的技术文章4', '# 用户10的技术文章4\n\n这是一篇关于技术的文章，标签为Python。\n\n## 内容\n\n这是文章的主要内容，包含多个段落。\n\n- 列表项1\n- 列表项2\n- 列表项3\n\n```javascript\n// 示例代码\nfunction example() {\n    console.log("Hello World!");\n}\n\nexample();\n```\n\n> 这是一个引用。\n\n这是文章的结尾部分。', 10, 'tech', 'Python', 'private', 610, '2026-04-09 19:02:37', '2026-04-09 19:02:37', 30, 0, 0),
	(227, '用户10的工作文章5', '# 用户10的工作文章5\n\n这是一篇关于工作的文章，标签为管理。\n\n## 内容\n\n这是文章的主要内容，包含多个段落。\n\n- 列表项1\n- 列表项2\n- 列表项3\n\n```javascript\n// 示例代码\nfunction example() {\n    console.log("Hello World!");\n}\n\nexample();\n```\n\n> 这是一个引用。\n\n这是文章的结尾部分。', 10, 'entertainment', '管理', 'secret', 429, '2026-03-24 19:02:37', '2026-03-24 19:02:37', 10, 0, 0),
	(228, '用户10的生活文章6', '# 用户10的生活文章6\n\n这是一篇关于生活的文章，标签为数据库。\n\n## 内容\n\n这是文章的主要内容，包含多个段落。\n\n- 列表项1\n- 列表项2\n- 列表项3\n\n```javascript\n// 示例代码\nfunction example() {\n    console.log("Hello World!");\n}\n\nexample();\n```\n\n> 这是一个引用。\n\n这是文章的结尾部分。', 10, 'entertainment', '数据库', 'secret', 883, '2026-03-31 19:02:37', '2026-03-31 19:02:37', 55, 0, 0),
	(229, '用户10的技术文章7', '# 用户10的技术文章7\n\n这是一篇关于技术的文章，标签为工具。\n\n## 内容\n\n这是文章的主要内容，包含多个段落。\n\n- 列表项1\n- 列表项2\n- 列表项3\n\n```javascript\n// 示例代码\nfunction example() {\n    console.log("Hello World!");\n}\n\nexample();\n```\n\n> 这是一个引用。\n\n这是文章的结尾部分。', 10, 'work', '工具', 'private', 429, '2026-04-11 19:02:37', '2026-04-11 19:02:37', 67, 0, 1),
	(230, '未命名文档', '', 10, 'tech', '爱技术', 'private', 2, '2026-04-19 03:26:29', '2026-04-19 03:26:29', 2, 0, 0),
	(231, '未命名文档', '## # # 巨化股份巨化股份', 4, 'tech', '', 'private', 30, '2026-04-20 07:36:31', '2026-04-24 09:53:36', 0, 0, 0),
	(232, '我是一个新建的文档1', '我是也给新仙剑的问昂  ', 4, 'life', '', 'private', 0, '2026-04-25 03:22:58', '2026-04-25 08:02:14', 0, 0, 0),
	(233, '我是一个新建的文2', '我是也给新仙剑的问昂  ', 4, 'life', '', 'private', 2, '2026-04-26 03:23:00', '2026-04-26 08:02:17', 0, 0, 0),
	(234, '我是一个新建的文档 3', '我是也给新仙剑的问昂  ', 4, 'life', '', 'private', 0, '2026-04-27 03:23:01', '2026-04-27 08:02:19', 0, 0, 0),
	(235, '我是一个新建的文档 4', '我是也给新仙剑的问昂  ', 4, 'life', '', 'private', 0, '2026-04-28 03:23:01', '2026-04-22 08:02:28', 0, 0, 0),
	(236, '我是一个新建的文档 5', '我是也给新仙剑的问昂  ', 4, 'life', '', 'private', 4, '2026-04-29 03:23:01', '2026-04-28 08:02:34', 1, 0, 0),
	(237, '我是一个新建的文档 ', '我是也给新仙剑的问昂  ', 4, 'life', '', 'private', 2, '2026-04-30 03:23:01', '2026-04-29 07:52:34', 0, 2, 0),
	(238, '我是一个新建的文档 ', '我是也给新仙剑的问昂  ', 4, 'life', '', 'private', 3, '2026-04-24 03:23:01', '2026-04-30 09:53:56', 1, 0, 0),
	(239, '我是一个新建的文档 ', '我是也给新仙剑的问昂  ', 4, 'life', '', 'private', 0, '2026-04-24 03:23:06', '2026-04-24 09:54:01', 1, 0, 0),
	(240, '我是一个新建的文档 ', '我是也给新仙剑的问昂  ', 4, 'life', '', 'private', 0, '2026-04-24 03:23:12', '2026-04-24 09:54:05', 0, 0, 0),
	(241, '新建的文档 ', '我是也给新仙剑的问昂  ', 4, 'life', '', 'private', 3, '2026-04-24 03:28:55', '2026-04-24 09:54:07', 2, 0, 1),
	(242, '新建的文档 ', '我是也给新仙剑的问昂  ', 4, 'life', '', 'private', 1, '2026-04-24 03:28:56', '2026-04-24 09:54:10', 0, 0, 0),
	(243, '新建的文档 ', '我是也给新仙剑的问昂  ', 4, 'life', '', 'private', 3, '2026-04-24 03:28:58', '2026-04-24 09:54:13', 0, 0, 0),
	(244, '未命名文档', '', 4, 'work', '', 'private', 0, '2026-04-24 07:57:45', '2026-04-24 08:20:05', 1, 0, 0),
	(245, '未命名文档发射点范德萨', '范德萨范德萨范德萨发达 ', 12, 'other', '', 'private', 1, '2026-04-24 07:58:09', '2026-04-24 08:20:10', 2, 0, 0),
	(246, '未命名文档p', '', 12, 'other', '', 'public', 5, '2026-04-24 08:02:43', '2026-04-24 09:54:54', 1, 0, 1),
	(247, '未命名文档pppp', '', 12, 'life', '', 'public', 12, '2026-04-24 08:02:50', '2026-04-24 09:59:58', 1, 0, 1),
	(248, '未命名文档', '', 4, 'work', '', 'private', 0, '2026-04-24 08:03:03', '2026-04-24 08:03:03', 2, 0, 0),
	(249, '莫明星时什么  ', '', 4, 'entertainment', '明星', 'private', 0, '2026-04-24 09:40:49', '2026-04-24 09:40:49', 0, 0, 0),
	(250, 'aaa的第一个文档  ', '', 13, 'other', '随机', 'private', 0, '2026-04-24 11:46:32', '2026-04-24 11:46:32', 0, 0, 0),
	(251, '未命名文档', '', 4, 'tech', '', 'private', 0, '2026-04-24 12:04:42', '2026-04-24 12:04:42', 0, 0, 0),
	(252, 'Java 开发处理', '', 4, 'tech', '测试', 'private', 0, '2026-04-24 12:05:19', '2026-04-24 12:05:19', 1, 0, 0),
	(253, '未命名文档', '# ## ', 4, 'tech', '测试', 'private', 0, '2026-04-24 12:30:52', '2026-04-24 12:30:52', 1, 0, 1),
	(254, 'bbbb', '', 14, 'tech', '供奉的是', 'private', 1, '2026-04-25 09:25:18', '2026-04-25 09:25:18', 1, 0, 0),
	(255, 'bbbb啊啊啊', '', 14, 'life', '厨房', 'private', 12, '2026-04-25 09:29:44', '2026-04-25 09:29:44', 1, 3, 0),
	(256, 'java技术 ', '', 12, 'tech', 'java', 'private', 9, '2026-04-27 08:35:32', '2026-04-27 08:35:32', 2, 0, 2);
/*!40000 ALTER TABLE `documents` ENABLE KEYS */;

-- Dumping structure for table markdown_editor.document_collections
CREATE TABLE IF NOT EXISTS `document_collections` (
  `id` bigint NOT NULL AUTO_INCREMENT,
  `created_at` datetime(6) DEFAULT NULL,
  `document_id` bigint NOT NULL,
  `user_id` bigint NOT NULL,
  PRIMARY KEY (`id`)
) ENGINE=InnoDB AUTO_INCREMENT=105 DEFAULT CHARSET=utf8mb4 COLLATE=utf8mb4_unicode_ci;

-- Dumping data for table markdown_editor.document_collections: ~62 rows (approximately)
/*!40000 ALTER TABLE `document_collections` DISABLE KEYS */;
INSERT INTO `document_collections` (`id`, `created_at`, `document_id`, `user_id`) VALUES
	(7, '2026-04-18 16:00:57.251000', 191, 6),
	(9, '2026-04-18 16:14:05.524000', 127, 6),
	(12, '2026-04-18 16:24:07.310000', 144, 6),
	(14, '2026-04-18 17:10:37.945000', 120, 6),
	(15, '2026-04-18 17:28:19.991000', 191, 10),
	(17, '2026-04-27 17:30:22.000000', 142, 6),
	(18, '2026-04-27 17:30:23.000000', 145, 10),
	(19, '2026-04-27 17:30:26.000000', 226, 10),
	(21, '2026-04-27 17:30:25.000000', 132, 6),
	(22, '2026-04-27 17:30:27.000000', 151, 10),
	(23, '2026-04-27 17:30:28.000000', 112, 10),
	(25, '2026-04-27 17:30:29.000000', 144, 4),
	(26, '2026-04-27 17:30:29.000000', 151, 4),
	(27, '2026-04-27 17:30:35.000000', 231, 4),
	(28, '2026-04-27 17:30:32.000000', 145, 6),
	(32, '2026-04-27 17:30:36.000000', 231, 6),
	(38, '2026-04-27 17:30:31.000000', 112, 6),
	(40, '2026-04-27 17:37:44.000000', 216, 6),
	(44, '2026-04-27 17:37:45.000000', 230, 6),
	(45, '2026-04-27 17:37:45.000000', 224, 6),
	(47, '2026-04-27 17:37:47.000000', 151, 6),
	(48, '2026-04-27 17:37:48.000000', 230, 4),
	(49, '2026-04-27 17:37:49.000000', 191, 12),
	(50, '2026-04-27 17:37:49.000000', 112, 12),
	(51, '2026-04-27 17:37:50.000000', 120, 12),
	(52, '2026-04-27 17:37:51.000000', 145, 12),
	(53, '2026-04-27 17:37:51.000000', 113, 12),
	(54, '2026-04-27 17:37:53.000000', 239, 4),
	(55, '2026-04-27 17:37:42.000000', 236, 4),
	(56, '2026-04-27 17:37:41.000000', 238, 12),
	(58, '2026-04-27 17:37:40.000000', 246, 4),
	(59, '2026-04-27 17:37:40.000000', 248, 12),
	(60, '2026-04-27 17:37:54.000000', 241, 4),
	(61, '2026-04-27 17:37:38.000000', 247, 4),
	(62, '2026-04-27 17:37:17.000000', 244, 4),
	(65, '2026-04-27 17:37:18.000000', 252, 4),
	(66, '2026-04-27 17:37:19.000000', 253, 4),
	(67, '2026-04-27 17:37:20.000000', 248, 4),
	(71, '2026-04-27 17:37:21.000000', 254, 4),
	(72, '2026-04-27 17:37:21.000000', 255, 4),
	(75, '2026-04-27 17:37:23.000000', 245, 4),
	(77, '2026-04-27 17:37:23.000000', 245, 12),
	(79, '2026-04-27 17:37:25.000000', 181, 4),
	(80, '2026-04-27 17:37:27.000000', 148, 5),
	(81, '2026-04-27 17:37:26.000000', 177, 5),
	(82, '2026-04-27 17:37:28.000000', 179, 5),
	(83, '2026-04-27 17:37:28.000000', 178, 12),
	(84, '2026-04-27 17:37:29.000000', 178, 5),
	(85, '2026-04-27 17:37:56.000000', 253, 12),
	(86, '2026-04-27 17:37:57.000000', 256, 5),
	(87, '2026-04-27 17:37:57.000000', 247, 5),
	(88, '2026-04-27 17:37:58.000000', 256, 12),
	(90, '2026-04-27 17:39:05.023000', 246, 12),
	(91, '2026-04-30 09:47:34.461000', 182, 4),
	(92, '2026-04-30 09:47:42.461000', 177, 4),
	(93, '2026-04-30 09:47:46.034000', 178, 4),
	(94, '2026-04-30 10:49:22.730000', 241, 14),
	(96, '2026-04-30 11:16:20.743000', 180, 14),
	(97, '2026-04-30 11:40:41.491000', 247, 13),
	(100, '2026-04-30 15:14:19.231000', 175, 4),
	(101, '2026-04-30 15:21:40.729000', 207, 10),
	(104, '2026-04-30 15:48:47.818000', 229, 10);
/*!40000 ALTER TABLE `document_collections` ENABLE KEYS */;

-- Dumping structure for table markdown_editor.document_likes
CREATE TABLE IF NOT EXISTS `document_likes` (
  `id` bigint NOT NULL AUTO_INCREMENT,
  `created_at` datetime(6) DEFAULT NULL,
  `document_id` bigint NOT NULL,
  `user_id` bigint NOT NULL,
  PRIMARY KEY (`id`)
) ENGINE=InnoDB AUTO_INCREMENT=97 DEFAULT CHARSET=utf8mb4 COLLATE=utf8mb4_unicode_ci;

-- Dumping data for table markdown_editor.document_likes: ~55 rows (approximately)
/*!40000 ALTER TABLE `document_likes` DISABLE KEYS */;
INSERT INTO `document_likes` (`id`, `created_at`, `document_id`, `user_id`) VALUES
	(3, '2026-04-18 17:10:10.229000', 113, 6),
	(4, '2026-04-18 17:10:36.415000', 120, 6),
	(10, '2026-04-18 17:28:17.990000', 191, 10),
	(12, '2026-04-18 17:28:17.990000', 142, 6),
	(14, '2026-04-18 17:28:17.990000', 145, 10),
	(16, '2026-04-18 17:28:17.990000', 151, 10),
	(17, '2026-04-18 17:28:17.990000', 112, 10),
	(18, '2026-04-18 17:28:17.990000', 151, 4),
	(20, '2026-04-18 17:28:17.990000', 113, 4),
	(28, '2026-04-21 15:43:01.124000', 145, 6),
	(29, '2026-04-21 15:50:22.787000', 125, 6),
	(34, '2026-04-21 16:23:44.596000', 112, 6),
	(44, '2026-04-21 17:30:19.852000', 230, 4),
	(47, '2026-04-21 17:35:54.837000', 216, 6),
	(49, '2026-04-22 09:01:12.051000', 230, 6),
	(50, '2026-04-22 09:08:48.395000', 224, 6),
	(52, '2026-04-22 15:45:07.083000', 151, 6),
	(53, '2026-04-24 09:17:36.978000', 191, 12),
	(54, '2026-04-24 09:23:06.424000', 112, 12),
	(55, '2026-04-24 09:42:28.746000', 120, 12),
	(56, '2026-04-24 09:42:33.057000', 145, 12),
	(57, '2026-04-24 09:42:48.026000', 113, 12),
	(58, '2026-04-24 15:51:54.911000', 239, 4),
	(59, '2026-04-24 15:54:18.314000', 236, 4),
	(60, '2026-04-24 15:56:16.444000', 238, 12),
	(62, '2026-04-24 16:10:17.001000', 246, 4),
	(63, '2026-04-24 16:23:05.952000', 248, 12),
	(64, '2026-04-24 16:23:45.212000', 241, 4),
	(65, '2026-04-24 16:54:44.292000', 247, 4),
	(66, '2026-04-24 16:57:12.300000', 244, 4),
	(67, '2026-04-24 17:13:17.903000', 124, 4),
	(68, '2026-04-24 20:05:30.565000', 252, 4),
	(69, '2026-04-25 10:16:45.316000', 253, 4),
	(70, '2026-04-25 16:14:55.775000', 248, 4),
	(74, '2026-04-25 17:32:41.677000', 254, 4),
	(75, '2026-04-25 17:40:04.064000', 255, 4),
	(76, '2026-04-26 18:30:19.946000', 245, 4),
	(77, '2026-04-26 18:36:25.946000', 245, 12),
	(78, '2026-04-26 18:54:54.281000', 182, 4),
	(79, '2026-04-27 09:23:14.116000', 181, 4),
	(80, '2026-04-27 10:50:53.451000', 148, 5),
	(81, '2026-04-27 10:51:46.653000', 177, 5),
	(82, '2026-04-27 10:52:25.526000', 179, 5),
	(83, '2026-04-27 11:43:57.514000', 178, 12),
	(84, '2026-04-27 11:45:05.138000', 178, 5),
	(85, '2026-04-27 16:57:56.064000', 256, 5),
	(86, '2026-04-27 17:35:35.038000', 256, 12),
	(87, '2026-04-30 09:47:46.854000', 178, 4),
	(88, '2026-04-30 10:49:23.053000', 241, 14),
	(90, '2026-04-30 11:16:21.624000', 180, 14),
	(91, '2026-04-30 11:42:22.969000', 182, 10),
	(92, '2026-04-30 15:14:16.121000', 175, 4),
	(93, '2026-04-30 15:14:16.268000', 175, 4),
	(94, '2026-04-30 15:21:41.118000', 207, 10),
	(95, '2026-04-30 15:43:37.532000', 180, 4);
/*!40000 ALTER TABLE `document_likes` ENABLE KEYS */;

-- Dumping structure for table markdown_editor.document_view_stat
CREATE TABLE IF NOT EXISTS `document_view_stat` (
  `id` bigint NOT NULL AUTO_INCREMENT COMMENT '主键ID',
  `document_id` bigint NOT NULL COMMENT '文档ID',
  `user_id` bigint NOT NULL COMMENT '用户ID',
  `view_date` date NOT NULL COMMENT '浏览日期',
  `view_count` int NOT NULL DEFAULT '0' COMMENT '当日浏览量',
  `created_at` datetime NOT NULL DEFAULT CURRENT_TIMESTAMP COMMENT '创建时间',
  `updated_at` datetime NOT NULL DEFAULT CURRENT_TIMESTAMP ON UPDATE CURRENT_TIMESTAMP COMMENT '更新时间',
  PRIMARY KEY (`id`),
  UNIQUE KEY `uk_document_date` (`document_id`,`view_date`),
  KEY `idx_user_id` (`user_id`),
  KEY `idx_view_date` (`view_date`)
) ENGINE=InnoDB AUTO_INCREMENT=75 DEFAULT CHARSET=utf8mb4 COLLATE=utf8mb4_unicode_ci COMMENT='文档每日浏览量统计表';

-- Dumping data for table markdown_editor.document_view_stat: ~32 rows (approximately)
/*!40000 ALTER TABLE `document_view_stat` DISABLE KEYS */;
INSERT INTO `document_view_stat` (`id`, `document_id`, `user_id`, `view_date`, `view_count`, `created_at`, `updated_at`) VALUES
	(1, 1, 6, '2026-04-24', 21, '2026-04-30 02:26:56', '2026-04-30 02:29:11'),
	(2, 2, 1, '2026-04-24', 8, '2026-02-05 02:26:56', '2026-04-30 02:37:41'),
	(3, 1, 4, '2026-04-25', 15, '2026-04-29 02:26:56', '2026-04-30 02:43:49'),
	(4, 2, 4, '2026-04-25', 13, '2026-04-28 02:26:56', '2026-04-30 02:38:01'),
	(5, 1, 15, '2026-04-26', 25, '2026-04-27 02:26:56', '2026-04-30 02:38:07'),
	(6, 2, 5, '2026-04-26', 20, '2026-04-26 02:26:56', '2026-04-30 02:38:17'),
	(7, 1, 6, '2026-04-27', 10, '2026-04-26 02:26:56', '2026-04-30 02:38:22'),
	(8, 2, 6, '2026-04-27', 8, '2026-04-24 02:26:56', '2026-04-30 02:38:27'),
	(9, 1, 4, '2026-04-28', 7, '2026-04-23 02:26:56', '2026-04-30 02:38:32'),
	(10, 2, 2, '2026-04-28', 5, '2026-04-22 02:26:56', '2026-04-30 02:38:36'),
	(11, 1, 6, '2026-04-29', 18, '2026-04-21 02:26:56', '2026-04-30 02:38:39'),
	(12, 2, 1, '2026-04-29', 12, '2026-04-20 02:26:56', '2026-04-30 02:38:43'),
	(13, 1, 1, '2026-04-30', 10, '2026-04-19 02:26:56', '2026-04-30 02:38:48'),
	(14, 2, 1, '2026-04-30', 6, '2026-04-30 02:26:56', '2026-04-30 02:26:56'),
	(57, 180, 4, '2026-04-30', 13, '2026-04-30 10:52:07', '2026-04-30 18:43:49'),
	(58, 182, 4, '2026-04-30', 11, '2026-04-30 11:15:33', '2026-04-30 18:43:39'),
	(59, 241, 4, '2026-04-30', 1, '2026-04-30 11:16:17', '2026-04-30 11:16:17'),
	(60, 247, 12, '2026-04-30', 1, '2026-04-30 11:40:39', '2026-04-30 11:40:39'),
	(61, 181, 4, '2026-04-30', 2, '2026-04-30 15:12:22', '2026-04-30 17:46:49'),
	(62, 178, 4, '2026-04-30', 1, '2026-04-30 15:14:10', '2026-04-30 15:14:10'),
	(63, 175, 4, '2026-04-30', 1, '2026-04-30 15:14:15', '2026-04-30 15:14:15'),
	(64, 207, 4, '2026-04-30', 1, '2026-04-30 15:21:39', '2026-04-30 15:21:39'),
	(65, 230, 10, '2026-04-30', 1, '2026-04-30 15:42:45', '2026-04-30 15:42:45'),
	(66, 229, 10, '2026-04-30', 2, '2026-04-30 15:45:44', '2026-04-30 15:45:54'),
	(67, 236, 4, '2026-04-30', 2, '2026-04-30 16:01:54', '2026-04-30 16:40:40'),
	(68, 238, 4, '2026-04-30', 1, '2026-04-30 17:25:41', '2026-04-30 17:25:41'),
	(69, 215, 4, '2026-04-30', 2, '2026-04-30 17:26:29', '2026-04-30 17:31:07'),
	(70, 191, 4, '2026-04-30', 1, '2026-04-30 17:46:14', '2026-04-30 17:46:14'),
	(71, 233, 4, '2026-04-30', 1, '2026-04-30 17:47:05', '2026-04-30 17:47:05'),
	(72, 237, 4, '2026-04-30', 1, '2026-04-30 18:45:43', '2026-04-30 18:45:43'),
	(73, 255, 14, '2026-04-30', 3, '2026-04-30 18:46:34', '2026-04-30 18:48:38'),
	(74, 255, 14, '2026-05-01', 2, '2026-05-01 09:09:15', '2026-05-01 09:33:29');
/*!40000 ALTER TABLE `document_view_stat` ENABLE KEYS */;

-- Dumping structure for table markdown_editor.follow
CREATE TABLE IF NOT EXISTS `follow` (
  `id` bigint NOT NULL AUTO_INCREMENT COMMENT '主键ID',
  `follower_id` bigint NOT NULL COMMENT '关注者ID',
  `following_id` bigint NOT NULL COMMENT '被关注者ID',
  `created_at` datetime NOT NULL DEFAULT CURRENT_TIMESTAMP COMMENT '关注时间',
  PRIMARY KEY (`id`),
  UNIQUE KEY `uk_follower_following` (`follower_id`,`following_id`),
  KEY `idx_follower_id` (`follower_id`),
  KEY `idx_following_id` (`following_id`)
) ENGINE=InnoDB AUTO_INCREMENT=50 DEFAULT CHARSET=utf8mb4 COLLATE=utf8mb4_unicode_ci COMMENT='用户关注关系表';

-- Dumping data for table markdown_editor.follow: ~13 rows (approximately)
/*!40000 ALTER TABLE `follow` DISABLE KEYS */;
INSERT INTO `follow` (`id`, `follower_id`, `following_id`, `created_at`) VALUES
	(23, 6, 10, '2026-04-22 08:57:46'),
	(24, 12, 10, '2026-04-22 10:57:27'),
	(29, 12, 6, '2026-04-22 17:15:52'),
	(40, 14, 4, '2026-04-27 11:44:37'),
	(41, 5, 4, '2026-04-27 11:45:04'),
	(42, 4, 12, '2026-04-27 11:45:50'),
	(43, 4, 14, '2026-04-27 11:45:51'),
	(44, 4, 5, '2026-04-27 11:45:52'),
	(45, 5, 12, '2026-04-27 15:56:37'),
	(46, 12, 5, '2026-04-27 15:59:16'),
	(47, 12, 4, '2026-04-27 16:22:11'),
	(48, 13, 4, '2026-04-30 11:24:25'),
	(49, 10, 4, '2026-04-30 11:42:21');
/*!40000 ALTER TABLE `follow` ENABLE KEYS */;

-- Dumping structure for table markdown_editor.messages
CREATE TABLE IF NOT EXISTS `messages` (
  `id` bigint NOT NULL AUTO_INCREMENT,
  `sender_id` bigint NOT NULL COMMENT '发送者ID，系统消息为0',
  `receiver_id` bigint NOT NULL COMMENT '接收者ID',
  `type` varchar(20) NOT NULL COMMENT '消息类型：comment, like, follow, collect, chat',
  `content` text NOT NULL COMMENT '消息内容',
  `related_id` bigint DEFAULT NULL COMMENT '相关实体ID，如评论ID、文章ID等',
  `is_read` tinyint(1) DEFAULT '0' COMMENT '是否已读',
  `created_at` datetime DEFAULT NULL,
  `updated_at` datetime DEFAULT NULL,
  PRIMARY KEY (`id`),
  KEY `idx_receiver_id` (`receiver_id`),
  KEY `idx_type` (`type`),
  KEY `idx_created_at` (`created_at`)
) ENGINE=InnoDB AUTO_INCREMENT=157 DEFAULT CHARSET=utf8mb4 COLLATE=utf8mb4_0900_ai_ci COMMENT='消息表';

-- Dumping data for table markdown_editor.messages: ~156 rows (approximately)
/*!40000 ALTER TABLE `messages` DISABLE KEYS */;
INSERT INTO `messages` (`id`, `sender_id`, `receiver_id`, `type`, `content`, `related_id`, `is_read`, `created_at`, `updated_at`) VALUES
	(1, 6, 10, 'collect', '您的文章《未命名文档》被收藏了', 230, 1, '2026-04-21 18:49:02', '2026-04-21 10:49:22'),
	(2, 6, 4, 'follow', '用户wang关注了您', 6, 1, '2026-04-22 08:49:02', '2026-04-22 01:51:03'),
	(3, 6, 10, 'comment', '您的文章《未命名文档》收到了新评论', 41, 1, '2026-04-22 08:57:43', '2026-04-22 00:57:55'),
	(4, 6, 10, 'collect', '您的文章《未命名文档》被收藏了', 230, 1, '2026-04-22 08:57:44', '2026-04-22 00:57:55'),
	(5, 6, 10, 'follow', '用户wang关注了您', 6, 1, '2026-04-22 08:57:46', '2026-04-22 00:57:55'),
	(6, 6, 10, 'collect', '您的文章《未命名文档》被收藏了', 230, 1, '2026-04-22 08:58:23', '2026-04-22 00:58:28'),
	(7, 6, 10, 'like', '您的文章《未命名文档》收到了新点赞', 230, 1, '2026-04-22 09:01:12', '2026-04-22 01:01:22'),
	(8, 6, 10, 'collect', '您的文章《未命名文档》被收藏了', 230, 1, '2026-04-22 09:01:14', '2026-04-22 01:01:22'),
	(9, 6, 10, 'collect', '您的文章《用户10的工作文章2》被收藏了', 224, 1, '2026-04-22 09:08:48', '2026-04-22 01:14:27'),
	(10, 6, 10, 'like', '您的文章《用户10的工作文章2》收到了新点赞', 224, 1, '2026-04-22 09:08:48', '2026-04-22 01:14:27'),
	(11, 6, 10, 'comment', '您的文章《用户10的工作文章2》收到了新评论', 42, 1, '2026-04-22 09:09:05', '2026-04-22 01:14:27'),
	(12, 6, 10, 'comment', '您的文章《未命名文档》收到了新评论', 43, 1, '2026-04-22 09:46:54', '2026-04-22 02:11:32'),
	(13, 12, 10, 'follow', '用户ppp关注了您', 12, 1, '2026-04-22 10:57:27', '2026-04-30 03:49:34'),
	(14, 6, 4, 'like', '您的文章《学习方法指南》收到了新点赞', 151, 1, '2026-04-22 15:45:05', '2026-04-22 07:45:36'),
	(15, 6, 4, 'collect', '您的文章《学习方法指南》被收藏了', 151, 1, '2026-04-22 15:45:05', '2026-04-22 07:45:36'),
	(16, 6, 4, 'like', '您的文章《学习方法指南》收到了新点赞', 151, 1, '2026-04-22 15:45:07', '2026-04-22 07:45:36'),
	(17, 6, 4, 'collect', '您的文章《学习方法指南》被收藏了', 151, 1, '2026-04-22 15:45:09', '2026-04-22 07:45:36'),
	(18, 6, 4, 'follow', '用户wang关注了您', 6, 1, '2026-04-22 15:45:13', '2026-04-22 07:45:36'),
	(19, 6, 4, 'follow', '用户wang关注了您', 6, 1, '2026-04-22 15:45:13', '2026-04-22 07:45:36'),
	(20, 6, 4, 'follow', '用户wang关注了您', 6, 1, '2026-04-22 15:45:14', '2026-04-22 07:45:36'),
	(21, 6, 4, 'follow', '用户wang关注了您', 6, 1, '2026-04-22 15:45:15', '2026-04-22 07:45:36'),
	(22, 12, 6, 'follow', '用户ppp关注了您', 12, 1, '2026-04-22 17:15:52', '2026-04-22 09:55:54'),
	(23, 4, 10, 'collect', '您的文章《未命名文档》被收藏了', 230, 1, '2026-04-23 17:16:11', '2026-04-30 03:49:34'),
	(24, 12, 4, 'like', '您的文章《人工智能入门》收到了新点赞', 191, 1, '2026-04-24 09:17:37', '2026-04-24 08:09:04'),
	(25, 12, 4, 'collect', '您的文章《人工智能入门》被收藏了', 191, 1, '2026-04-24 09:17:38', '2026-04-24 08:09:04'),
	(26, 12, 4, 'like', '您的文章《JavaScript 基础教程》收到了新点赞', 112, 1, '2026-04-24 09:23:07', '2026-04-24 08:09:04'),
	(27, 12, 4, 'collect', '您的文章《JavaScript 基础教程》被收藏了', 112, 1, '2026-04-24 09:23:07', '2026-04-24 08:09:04'),
	(28, 12, 6, 'like', '您的文章《Docker 容器化》收到了新点赞', 120, 0, '2026-04-24 09:42:29', '2026-04-24 09:42:29'),
	(29, 12, 6, 'collect', '您的文章《Docker 容器化》被收藏了', 120, 0, '2026-04-24 09:42:29', '2026-04-24 09:42:29'),
	(30, 12, 6, 'like', '您的文章《社交技巧提升》收到了新点赞', 145, 0, '2026-04-24 09:42:33', '2026-04-24 09:42:33'),
	(31, 12, 6, 'collect', '您的文章《社交技巧提升》被收藏了', 145, 0, '2026-04-24 09:42:34', '2026-04-24 09:42:34'),
	(32, 12, 6, 'comment', '您的文章《社交技巧提升》收到了新评论', 44, 0, '2026-04-24 09:42:39', '2026-04-24 09:42:39'),
	(33, 12, 4, 'like', '您的文章《HTML5 新特性》收到了新点赞', 113, 1, '2026-04-24 09:42:48', '2026-04-24 08:09:04'),
	(34, 12, 4, 'collect', '您的文章《HTML5 新特性》被收藏了', 113, 1, '2026-04-24 09:42:49', '2026-04-24 08:09:04'),
	(35, 12, 4, 'comment', '您的文章《HTML5 新特性》收到了新评论', 45, 1, '2026-04-24 09:42:58', '2026-04-24 08:09:04'),
	(36, 12, 4, 'comment', '您的文章《HTML5 新特性》收到了新评论', 46, 1, '2026-04-24 09:44:28', '2026-04-24 08:09:04'),
	(37, 12, 4, 'comment', '您的文章《HTML5 新特性》收到了新评论', 47, 1, '2026-04-24 09:44:30', '2026-04-24 08:09:04'),
	(38, 12, 4, 'comment', '您的文章《HTML5 新特性》收到了新评论', 48, 1, '2026-04-24 09:47:58', '2026-04-24 08:09:04'),
	(39, 12, 4, 'comment', '您的文章《HTML5 新特性》收到了新评论', 49, 1, '2026-04-24 09:47:59', '2026-04-24 08:09:04'),
	(40, 12, 4, 'like', '您的文章《我是一个新建的文档 》收到了新点赞', 238, 1, '2026-04-24 15:56:17', '2026-04-24 08:09:04'),
	(41, 12, 4, 'collect', '您的文章《我是一个新建的文档 》被收藏了', 238, 1, '2026-04-24 15:56:17', '2026-04-24 08:09:04'),
	(42, 12, 4, 'comment', '您的文章《我是一个新建的文档 》收到了新评论', 51, 1, '2026-04-24 15:56:49', '2026-04-24 08:09:04'),
	(43, 12, 4, 'comment', '您的文章《我是一个新建的文档 》收到了新评论', 238, 1, '2026-04-24 15:56:49', '2026-04-24 08:09:04'),
	(44, 4, 12, 'comment', '您的文章《未命名文档pppp》收到了新评论', 52, 1, '2026-04-24 16:03:13', '2026-04-24 08:10:27'),
	(45, 4, 12, 'comment', '您的文章《未命名文档pppp》收到了新评论', 247, 1, '2026-04-24 16:03:13', '2026-04-24 08:10:27'),
	(46, 4, 12, 'follow', '用户管理员关注了您', 4, 1, '2026-04-24 16:05:30', '2026-04-24 08:10:27'),
	(47, 4, 12, 'comment', '您的文章《未命名文档pppp》收到了新评论', 53, 1, '2026-04-24 16:10:10', '2026-04-24 08:10:27'),
	(48, 4, 12, 'comment', '您的文章《未命名文档pppp》收到了新评论', 247, 1, '2026-04-24 16:10:10', '2026-04-24 08:10:27'),
	(49, 4, 12, 'comment', '您的文章《未命名文档pppp》收到了新评论', 54, 1, '2026-04-24 16:10:11', '2026-04-24 08:10:27'),
	(50, 4, 12, 'comment', '您的文章《未命名文档pppp》收到了新评论', 247, 1, '2026-04-24 16:10:11', '2026-04-24 08:10:27'),
	(51, 4, 12, 'comment', '您的文章《未命名文档pppp》收到了新评论', 55, 1, '2026-04-24 16:10:12', '2026-04-24 08:10:27'),
	(52, 4, 12, 'comment', '您的文章《未命名文档pppp》收到了新评论', 247, 1, '2026-04-24 16:10:12', '2026-04-24 08:10:27'),
	(53, 4, 12, 'collect', '您的文章《未命名文档pppp》被收藏了', 247, 1, '2026-04-24 16:10:13', '2026-04-24 08:10:27'),
	(54, 4, 12, 'like', '您的文章《未命名文档pppp》收到了新点赞', 247, 1, '2026-04-24 16:10:14', '2026-04-24 08:10:27'),
	(55, 4, 12, 'collect', '您的文章《未命名文档p》被收藏了', 246, 1, '2026-04-24 16:10:17', '2026-04-24 08:10:27'),
	(56, 4, 12, 'like', '您的文章《未命名文档p》收到了新点赞', 246, 1, '2026-04-24 16:10:17', '2026-04-24 08:10:27'),
	(57, 4, 12, 'comment', '您的文章《未命名文档p》收到了新评论', 56, 1, '2026-04-24 16:10:19', '2026-04-24 08:10:27'),
	(58, 4, 12, 'comment', '您的文章《未命名文档p》收到了新评论', 246, 1, '2026-04-24 16:10:19', '2026-04-24 08:10:27'),
	(59, 4, 12, 'comment', '您的文章《未命名文档p》收到了新评论', 57, 1, '2026-04-24 16:10:21', '2026-04-24 08:10:27'),
	(60, 4, 12, 'comment', '您的文章《未命名文档p》收到了新评论', 246, 1, '2026-04-24 16:10:21', '2026-04-24 08:10:27'),
	(61, 12, 4, 'follow', '用户ppp关注了您', 12, 1, '2026-04-24 16:23:04', '2026-04-24 08:29:14'),
	(62, 12, 4, 'like', '您的文章《未命名文档》收到了新点赞', 248, 1, '2026-04-24 16:23:06', '2026-04-24 08:29:14'),
	(63, 12, 4, 'collect', '您的文章《未命名文档》被收藏了', 248, 1, '2026-04-24 16:23:06', '2026-04-24 08:29:14'),
	(64, 4, 12, 'comment', '您的文章《未命名文档p》收到了新评论', 58, 1, '2026-04-24 16:52:53', '2026-04-24 08:53:04'),
	(65, 4, 12, 'comment', '您的文章《未命名文档p》收到了新评论', 58, 1, '2026-04-24 16:52:53', '2026-04-24 08:53:04'),
	(66, 4, 12, 'comment', '您的文章《未命名文档p》收到了新评论', 59, 1, '2026-04-24 16:53:25', '2026-04-24 08:54:49'),
	(67, 4, 12, 'comment', '您的文章《未命名文档p》收到了新评论', 59, 1, '2026-04-24 16:53:25', '2026-04-24 08:54:49'),
	(68, 4, 12, 'like', '您的文章《未命名文档pppp》收到了新点赞', 247, 1, '2026-04-24 16:54:44', '2026-04-24 08:54:49'),
	(69, 4, 12, 'collect', '您的文章《未命名文档pppp》被收藏了', 247, 1, '2026-04-24 16:54:45', '2026-04-24 08:54:49'),
	(70, 13, 12, 'comment', '您的文章《未命名文档p》收到了新评论', 60, 1, '2026-04-24 16:58:09', '2026-04-24 08:59:26'),
	(71, 13, 12, 'comment', '您的文章《未命名文档p》收到了新评论', 60, 1, '2026-04-24 16:58:09', '2026-04-24 08:59:26'),
	(72, 13, 12, 'comment', '您的文章《未命名文档pppp》收到了新评论', 61, 1, '2026-04-24 16:59:01', '2026-04-24 08:59:26'),
	(73, 13, 12, 'comment', '您的文章《未命名文档pppp》收到了新评论', 61, 1, '2026-04-24 16:59:01', '2026-04-24 08:59:26'),
	(74, 13, 12, 'comment', '您的文章《未命名文档pppp》收到了新评论', 62, 1, '2026-04-24 16:59:21', '2026-04-24 08:59:26'),
	(75, 13, 12, 'comment', '您的文章《未命名文档pppp》收到了新评论', 62, 1, '2026-04-24 16:59:21', '2026-04-24 08:59:26'),
	(76, 13, 12, 'comment', '您的文章《未命名文档pppp》收到了新评论', 63, 1, '2026-04-24 17:02:37', '2026-04-24 09:02:44'),
	(77, 13, 12, 'comment', '您的文章《未命名文档pppp》收到了新评论', 63, 1, '2026-04-24 17:02:37', '2026-04-24 09:02:44'),
	(78, 4, 12, 'comment', '您的文章《未命名文档p》收到了新评论', 64, 1, '2026-04-24 17:03:11', '2026-04-24 09:10:03'),
	(79, 4, 12, 'comment', '您的文章《未命名文档p》收到了新评论', 64, 1, '2026-04-24 17:03:11', '2026-04-24 09:10:03'),
	(80, 4, 12, 'comment', '您的文章《未命名文档p》收到了新评论', 65, 1, '2026-04-24 17:03:18', '2026-04-24 09:10:03'),
	(81, 4, 12, 'comment', '您的文章《未命名文档p》收到了新评论', 65, 1, '2026-04-24 17:03:18', '2026-04-24 09:10:03'),
	(82, 13, 12, 'comment', '您的文章《未命名文档pppp》收到了新评论', 66, 1, '2026-04-24 17:27:25', '2026-04-24 09:27:33'),
	(83, 13, 12, 'comment', '您的文章《未命名文档pppp》收到了新评论', 67, 1, '2026-04-24 17:55:26', '2026-04-24 10:03:55'),
	(84, 13, 12, 'comment', '您的文章《未命名文档pppp》收到了新评论', 68, 1, '2026-04-24 17:55:28', '2026-04-24 10:03:55'),
	(85, 13, 12, 'comment', '您的文章《未命名文档pppp》收到了新评论', 69, 1, '2026-04-24 17:55:30', '2026-04-24 10:03:55'),
	(86, 13, 12, 'comment', '您的文章《未命名文档pppp》收到了新评论', 70, 1, '2026-04-24 17:55:32', '2026-04-24 10:03:55'),
	(87, 13, 12, 'comment', '您的文章《未命名文档pppp》收到了新评论', 71, 1, '2026-04-24 17:55:34', '2026-04-24 10:03:55'),
	(88, 4, 14, 'like', '您的文章《bbbb》收到了新点赞', 254, 1, '2026-04-25 17:25:56', '2026-04-25 09:26:04'),
	(89, 4, 14, 'collect', '您的文章《bbbb》被收藏了', 254, 1, '2026-04-25 17:25:57', '2026-04-25 09:26:04'),
	(90, 4, 14, 'like', '您的文章《bbbb》收到了新点赞', 254, 1, '2026-04-25 17:26:29', '2026-04-25 09:28:11'),
	(91, 4, 14, 'collect', '您的文章《bbbb》被收藏了', 254, 1, '2026-04-25 17:26:30', '2026-04-25 09:28:11'),
	(92, 4, 14, 'like', '您的文章《bbbb啊啊啊》收到了新点赞', 255, 1, '2026-04-25 17:29:53', '2026-04-25 09:30:34'),
	(93, 4, 14, 'collect', '您的文章《bbbb啊啊啊》被收藏了', 255, 1, '2026-04-25 17:29:53', '2026-04-25 09:30:34'),
	(94, 4, 14, 'comment', '您的文章《bbbb啊啊啊》收到了新评论', 73, 1, '2026-04-25 17:31:41', '2026-04-25 09:32:10'),
	(95, 4, 14, 'like', '您的文章《bbbb》收到了新点赞', 254, 1, '2026-04-25 17:32:42', '2026-04-25 09:33:03'),
	(96, 4, 14, 'collect', '您的文章《bbbb》被收藏了', 254, 1, '2026-04-25 17:32:43', '2026-04-25 09:33:03'),
	(97, 4, 14, 'comment', '您的文章《bbbb》收到了新评论', 74, 1, '2026-04-25 17:33:17', '2026-04-25 09:35:08'),
	(98, 4, 14, 'comment', '您的文章《bbbb》收到了新评论', 75, 1, '2026-04-25 17:33:19', '2026-04-25 09:35:08'),
	(99, 4, 14, 'comment', '您的文章《bbbb》收到了新评论', 76, 1, '2026-04-25 17:33:20', '2026-04-25 09:35:08'),
	(100, 4, 14, 'comment', '您的文章《bbbb》收到了新评论', 77, 1, '2026-04-25 17:35:16', '2026-04-25 09:35:24'),
	(101, 4, 14, 'comment', '您的文章《bbbb》收到了新评论', 78, 1, '2026-04-25 17:35:18', '2026-04-25 09:35:24'),
	(102, 4, 14, 'comment', '您的文章《bbbb啊啊啊》收到了新评论', 79, 1, '2026-04-25 17:39:59', '2026-04-25 09:40:34'),
	(103, 4, 14, 'comment', '您的文章《bbbb啊啊啊》收到了新评论', 80, 1, '2026-04-25 17:40:00', '2026-04-25 09:40:34'),
	(104, 4, 14, 'comment', '您的文章《bbbb啊啊啊》收到了新评论', 81, 1, '2026-04-25 17:40:01', '2026-04-25 09:40:34'),
	(105, 4, 14, 'comment', '您的文章《bbbb啊啊啊》收到了新评论', 82, 1, '2026-04-25 17:40:03', '2026-04-25 09:40:34'),
	(106, 4, 14, 'like', '您的文章《bbbb啊啊啊》收到了新点赞', 255, 1, '2026-04-25 17:40:04', '2026-04-25 09:40:34'),
	(107, 4, 14, 'collect', '您的文章《bbbb啊啊啊》被收藏了', 255, 1, '2026-04-25 17:40:05', '2026-04-25 09:40:34'),
	(108, 4, 12, 'comment', '您的文章《未命名文档pppp》收到了新评论', 83, 1, '2026-04-26 18:29:31', '2026-04-26 10:31:14'),
	(109, 4, 12, 'like', '您的文章《未命名文档发射点范德萨》收到了新点赞', 245, 1, '2026-04-26 18:30:20', '2026-04-26 10:31:14'),
	(110, 4, 12, 'collect', '您的文章《未命名文档发射点范德萨》被收藏了', 245, 1, '2026-04-26 18:30:20', '2026-04-26 10:31:14'),
	(111, 4, 12, 'collect', '您的文章《未命名文档发射点范德萨》被收藏了', 245, 1, '2026-04-26 18:30:45', '2026-04-26 10:31:14'),
	(112, 5, 12, 'comment', '您的文章《未命名文档pppp》收到了新评论', 96, 1, '2026-04-27 10:31:20', '2026-04-27 07:26:37'),
	(113, 5, 4, 'like', '您的文章《职场晋升指南》收到了新点赞', 177, 1, '2026-04-27 10:51:47', '2026-04-27 02:52:13'),
	(114, 5, 4, 'collect', '您的文章《职场晋升指南》被收藏了', 177, 1, '2026-04-27 10:51:47', '2026-04-27 02:52:13'),
	(115, 5, 4, 'follow', '用户测试用户关注了您', 5, 1, '2026-04-27 10:51:49', '2026-04-27 02:52:13'),
	(116, 5, 4, 'like', '您的文章《职场礼仪》收到了新点赞', 179, 1, '2026-04-27 10:52:26', '2026-04-27 02:59:51'),
	(117, 5, 4, 'collect', '您的文章《职场礼仪》被收藏了', 179, 1, '2026-04-27 10:52:26', '2026-04-27 02:59:51'),
	(118, 4, 5, 'follow', '用户管理员关注了您', 4, 1, '2026-04-27 11:07:35', '2026-04-27 03:09:00'),
	(119, 4, 12, 'follow', '用户管理员关注了您', 4, 1, '2026-04-27 11:29:07', '2026-04-27 07:26:37'),
	(120, 4, 5, 'follow', '用户管理员关注了您', 4, 1, '2026-04-27 11:29:22', '2026-04-27 07:24:42'),
	(121, 4, 12, 'follow', '用户管理员关注了您', 4, 1, '2026-04-27 11:29:37', '2026-04-27 07:26:37'),
	(122, 4, 12, 'follow', '用户管理员关注了您', 4, 1, '2026-04-27 11:33:08', '2026-04-27 07:26:37'),
	(123, 4, 12, 'follow', '用户管理员关注了您', 4, 1, '2026-04-27 11:36:57', '2026-04-27 07:26:37'),
	(124, 4, 5, 'follow', '用户管理员关注了您', 4, 1, '2026-04-27 11:36:58', '2026-04-27 07:24:42'),
	(125, 12, 4, 'like', '您的文章《远程工作指南》收到了新点赞', 178, 1, '2026-04-27 11:43:58', '2026-04-27 07:17:25'),
	(126, 12, 4, 'collect', '您的文章《远程工作指南》被收藏了', 178, 1, '2026-04-27 11:43:58', '2026-04-27 07:17:25'),
	(127, 14, 4, 'follow', '用户bbb关注了您', 14, 1, '2026-04-27 11:44:38', '2026-04-27 07:17:25'),
	(128, 5, 4, 'follow', '用户测试用户关注了您', 5, 1, '2026-04-27 11:45:04', '2026-04-27 07:17:25'),
	(129, 5, 4, 'like', '您的文章《远程工作指南》收到了新点赞', 178, 1, '2026-04-27 11:45:05', '2026-04-27 07:17:25'),
	(130, 5, 4, 'collect', '您的文章《远程工作指南》被收藏了', 178, 1, '2026-04-27 11:45:06', '2026-04-27 07:17:25'),
	(131, 4, 12, 'follow', '用户管理员关注了您', 4, 1, '2026-04-27 11:45:51', '2026-04-27 07:26:37'),
	(132, 4, 14, 'follow', '用户管理员关注了您', 4, 1, '2026-04-27 11:45:51', '2026-04-30 00:45:18'),
	(133, 4, 5, 'follow', '用户管理员关注了您', 4, 1, '2026-04-27 11:45:53', '2026-04-27 07:24:42'),
	(134, 5, 12, 'follow', '用户测试用户关注了您', 5, 1, '2026-04-27 15:56:37', '2026-04-27 07:56:56'),
	(135, 12, 4, 'collect', '您的文章《未命名文档》被收藏了', 253, 1, '2026-04-27 15:58:56', '2026-04-27 10:06:48'),
	(136, 12, 5, 'follow', '用户ppp关注了您', 12, 1, '2026-04-27 15:59:16', '2026-04-27 08:05:19'),
	(137, 12, 4, 'follow', '用户ppp关注了您', 12, 1, '2026-04-27 16:22:11', '2026-04-27 10:06:48'),
	(138, 5, 12, 'collect', '您的文章《java技术 》被收藏了', 256, 1, '2026-04-27 16:57:56', '2026-04-27 08:58:50'),
	(139, 5, 12, 'like', '您的文章《java技术 》收到了新点赞', 256, 1, '2026-04-27 16:57:56', '2026-04-27 08:58:50'),
	(140, 5, 12, 'collect', '您的文章《未命名文档pppp》被收藏了', 247, 0, '2026-04-27 17:30:07', '2026-04-27 17:30:07'),
	(141, 14, 4, 'collect', '您的文章《新建的文档 》被收藏了', 241, 1, '2026-04-30 10:49:23', '2026-04-30 03:15:07'),
	(142, 14, 4, 'like', '您的文章《新建的文档 》收到了新点赞', 241, 1, '2026-04-30 10:49:23', '2026-04-30 03:15:07'),
	(143, 14, 4, 'collect', '您的文章《创业指南》被收藏了', 180, 1, '2026-04-30 11:16:21', '2026-04-30 07:16:58'),
	(144, 14, 4, 'like', '您的文章《创业指南》收到了新点赞', 180, 1, '2026-04-30 11:16:22', '2026-04-30 07:16:58'),
	(145, 13, 4, 'follow', '用户aaa关注了您', 13, 1, '2026-04-30 11:24:25', '2026-04-30 07:16:58'),
	(146, 13, 4, 'comment', '您的文章《创业指南》收到了新评论', 99, 1, '2026-04-30 11:27:01', '2026-04-30 07:16:58'),
	(147, 13, 12, 'collect', '您的文章《未命名文档pppp》被收藏了', 247, 0, '2026-04-30 11:40:42', '2026-04-30 11:40:42'),
	(148, 10, 4, 'follow', '用户chen关注了您', 10, 1, '2026-04-30 11:42:21', '2026-04-30 07:16:58'),
	(149, 10, 4, 'like', '您的文章《职场写作》收到了新点赞', 182, 1, '2026-04-30 11:42:23', '2026-04-30 07:16:58'),
	(150, 10, 4, 'collect', '您的文章《职场写作》被收藏了', 182, 1, '2026-04-30 11:42:24', '2026-04-30 07:16:58'),
	(151, 10, 4, 'collect', '您的文章《海洋探索》被收藏了', 207, 1, '2026-04-30 15:21:41', '2026-04-30 08:40:49'),
	(152, 10, 4, 'like', '您的文章《海洋探索》收到了新点赞', 207, 1, '2026-04-30 15:21:41', '2026-04-30 08:40:49'),
	(153, 4, 13, 'comment_replay', '您的评论收到了新回复', 101, 0, '2026-04-30 18:44:09', '2026-04-30 18:44:09'),
	(154, 4, 14, 'comment', '您的文章《bbbb啊啊啊》收到了新评论', 104, 1, '2026-04-30 18:46:37', '2026-04-30 10:48:21'),
	(155, 4, 14, 'comment', '您的文章《bbbb啊啊啊》收到了新评论', 105, 1, '2026-04-30 18:46:40', '2026-04-30 10:48:21'),
	(156, 14, 4, 'comment_replay', '您的评论收到了新回复', 106, 1, '2026-04-30 18:48:29', '2026-04-30 10:48:43');
/*!40000 ALTER TABLE `messages` ENABLE KEYS */;

-- Dumping structure for table markdown_editor.tag
CREATE TABLE IF NOT EXISTS `tag` (
  `id` bigint NOT NULL AUTO_INCREMENT,
  `user_id` bigint NOT NULL,
  `category` varchar(50) COLLATE utf8mb4_unicode_ci NOT NULL,
  `tag_name` varchar(50) COLLATE utf8mb4_unicode_ci NOT NULL,
  `created_at` timestamp NULL DEFAULT CURRENT_TIMESTAMP,
  `updated_at` timestamp NULL DEFAULT CURRENT_TIMESTAMP ON UPDATE CURRENT_TIMESTAMP,
  PRIMARY KEY (`id`),
  UNIQUE KEY `uk_user_category_tag` (`user_id`,`category`,`tag_name`),
  KEY `idx_user_id` (`user_id`),
  KEY `idx_category` (`category`),
  CONSTRAINT `tag_ibfk_1` FOREIGN KEY (`user_id`) REFERENCES `users` (`id`) ON DELETE CASCADE
) ENGINE=InnoDB AUTO_INCREMENT=28 DEFAULT CHARSET=utf8mb4 COLLATE=utf8mb4_unicode_ci;

-- Dumping data for table markdown_editor.tag: ~22 rows (approximately)
/*!40000 ALTER TABLE `tag` DISABLE KEYS */;
INSERT INTO `tag` (`id`, `user_id`, `category`, `tag_name`, `created_at`, `updated_at`) VALUES
	(1, 6, 'life', '指南', '2026-04-19 09:42:52', '2026-04-19 09:42:52'),
	(2, 10, 'tech', '爱技术', '2026-04-19 10:37:47', '2026-04-19 10:37:47'),
	(3, 4, 'other', 'API', '2026-04-19 17:01:31', '2026-04-19 17:01:31'),
	(4, 4, 'entertainment', '明星', '2026-04-24 17:40:35', '2026-04-24 17:40:35'),
	(5, 13, 'other', '随机', '2026-04-24 19:46:30', '2026-04-24 19:46:30'),
	(6, 4, 'tech', '测试', '2026-04-24 20:04:40', '2026-04-24 20:04:40'),
	(7, 4, 'tech', 'java', '2026-04-24 20:05:08', '2026-04-24 20:05:08'),
	(10, 14, 'tech', '供奉的是', '2026-04-25 17:25:08', '2026-04-25 17:25:08'),
	(11, 14, 'life', '厨房', '2026-04-25 17:29:41', '2026-04-25 17:29:41'),
	(12, 5, 'tech', 'java', '2026-04-27 10:31:36', '2026-04-27 10:31:36'),
	(15, 5, 'tech', 'python', '2026-04-27 10:35:29', '2026-04-27 10:35:29'),
	(17, 5, 'life', '厨房', '2026-04-27 10:41:04', '2026-04-27 10:41:04'),
	(18, 5, 'tech', 'go', '2026-04-27 10:41:13', '2026-04-27 10:41:13'),
	(19, 5, 'work', '上班', '2026-04-27 10:41:21', '2026-04-27 10:41:21'),
	(20, 5, 'work', '吐槽', '2026-04-27 10:41:28', '2026-04-27 10:41:28'),
	(21, 5, 'tech', '别致', '2026-04-27 10:41:36', '2026-04-27 10:41:36'),
	(22, 5, 'tech', '老板', '2026-04-27 10:41:41', '2026-04-27 10:41:41'),
	(23, 5, 'entertainment', '周星驰', '2026-04-27 10:41:47', '2026-04-27 10:41:47'),
	(24, 5, 'entertainment', '周润发', '2026-04-27 10:42:03', '2026-04-27 10:42:03'),
	(25, 5, 'other', '周信心', '2026-04-27 10:42:15', '2026-04-27 10:42:15'),
	(26, 12, 'tech', 'java', '2026-04-27 16:25:10', '2026-04-27 16:25:10'),
	(27, 4, 'life', 'java', '2026-04-30 17:48:50', '2026-04-30 17:48:50');
/*!40000 ALTER TABLE `tag` ENABLE KEYS */;

-- Dumping structure for table markdown_editor.users
CREATE TABLE IF NOT EXISTS `users` (
  `id` bigint NOT NULL AUTO_INCREMENT,
  `username` varchar(50) COLLATE utf8mb4_unicode_ci NOT NULL,
  `password` varchar(255) COLLATE utf8mb4_unicode_ci NOT NULL,
  `email` varchar(100) COLLATE utf8mb4_unicode_ci DEFAULT NULL,
  `nickname` varchar(50) COLLATE utf8mb4_unicode_ci DEFAULT NULL,
  `avatar` varchar(255) COLLATE utf8mb4_unicode_ci DEFAULT NULL,
  `role` varchar(50) COLLATE utf8mb4_unicode_ci DEFAULT 'user',
  `created_at` timestamp NULL DEFAULT CURRENT_TIMESTAMP,
  `updated_at` timestamp NULL DEFAULT CURRENT_TIMESTAMP ON UPDATE CURRENT_TIMESTAMP,
  PRIMARY KEY (`id`),
  UNIQUE KEY `username` (`username`),
  UNIQUE KEY `email` (`email`),
  KEY `idx_username` (`username`),
  KEY `idx_email` (`email`),
  KEY `idx_role` (`role`)
) ENGINE=InnoDB AUTO_INCREMENT=15 DEFAULT CHARSET=utf8mb4 COLLATE=utf8mb4_unicode_ci;

-- Dumping data for table markdown_editor.users: ~8 rows (approximately)
/*!40000 ALTER TABLE `users` DISABLE KEYS */;
INSERT INTO `users` (`id`, `username`, `password`, `email`, `nickname`, `avatar`, `role`, `created_at`, `updated_at`) VALUES
	(4, 'admin', '$2a$10$Ro7jcgrTZfIvKFufF0bSG.zFiBJFdJnggmhbQwXcpMW90RPvfbaVC', 'admin@example.com', '管理员', 'https://api.dicebear.com/7.x/pixel-art/svg?seed=4', 'admin', '2026-04-18 03:34:30', '2026-04-25 09:20:04'),
	(5, 'test', '$2a$10$S9IHxtBlRZA0ON/PlUVG0OjR/Uk.jsrVBIDb8JE/IMErI5Snp1wJ6', 'test@example.com', '测试用户', 'https://api.dicebear.com/7.x/pixel-art/svg?seed=5', 'user', '2026-04-18 03:34:30', '2026-04-25 09:20:08'),
	(6, 'wang', '$2a$10$Hdc82BZmwbZBHWKVihv7zeDEImD3nWL4LxXA1zLV88UbGoTypRDJC', '', 'wang', 'https://api.dicebear.com/7.x/pixel-art/svg?seed=6', 'user', '2026-04-18 11:47:09', '2026-04-25 09:19:34'),
	(10, 'chen', '$2a$10$iBFNnAkfOspvkYXOhmBVyu2ajubvc3/2ehDpHdulj0/ZS1DLxabUi', NULL, 'chen', 'https://api.dicebear.com/7.x/pixel-art/svg?seed=10', 'user', '2026-04-18 17:27:43', '2026-04-25 09:19:41'),
	(11, 'cs', '$2a$10$S9IHxtBlRZA0ON/PlUVG0OjR/Uk.jsrVBIDb8JE/IMErI5Snp1wJ6', 'cs@example.com', '客服', 'https://api.dicebear.com/7.x/pixel-art/svg?seed=11', 'customer_service', '2026-04-19 08:43:51', '2026-04-25 09:20:13'),
	(12, 'ppp', '$2a$10$om7ybqiIcwo30dPlD.EV3OTlfkWZS1z63/4ARm01/EPXpl2AmWPq.', NULL, 'ppp', 'https://api.dicebear.com/7.x/pixel-art/svg?seed=12', 'user', '2026-04-22 02:40:49', '2026-04-25 09:19:47'),
	(13, 'aaa', '$2a$10$mQOfMfkMe8jLGpF3baUcw.SkCu2taOq.OCcu9q230a2FrZRDPft7u', NULL, 'aaa', 'https://api.dicebear.com/7.x/pixel-art/svg?seed=13', 'user', '2026-04-24 08:57:46', '2026-04-30 03:23:49'),
	(14, 'bbb', '$2a$10$mQOfMfkMe8jLGpF3baUcw.SkCu2taOq.OCcu9q230a2FrZRDPft7u', NULL, 'bbb', 'https://api.dicebear.com/7.x/pixel-art/svg?seed=14', 'user', '2026-04-25 09:19:06', '2026-04-25 09:19:06');
/*!40000 ALTER TABLE `users` ENABLE KEYS */;

-- Dumping structure for table markdown_editor.user_statistics
CREATE TABLE IF NOT EXISTS `user_statistics` (
  `user_id` bigint NOT NULL COMMENT '用户ID',
  `likes_count` int DEFAULT '0' COMMENT '获赞总数',
  `collections_count` int DEFAULT '0' COMMENT '文章被收藏总数',
  `comments_count` int DEFAULT '0' COMMENT '评论总数',
  `following_count` int DEFAULT '0' COMMENT '关注用户数',
  `followers_count` int DEFAULT '0' COMMENT '粉丝数',
  `blog_count` int DEFAULT '0' COMMENT '发布的博客总数',
  `created_at` datetime DEFAULT CURRENT_TIMESTAMP COMMENT '创建时间',
  `updated_at` datetime DEFAULT CURRENT_TIMESTAMP ON UPDATE CURRENT_TIMESTAMP COMMENT '更新时间',
  PRIMARY KEY (`user_id`),
  KEY `idx_updated_at` (`updated_at`),
  CONSTRAINT `user_statistics_ibfk_1` FOREIGN KEY (`user_id`) REFERENCES `users` (`id`) ON DELETE CASCADE
) ENGINE=InnoDB DEFAULT CHARSET=utf8mb4 COLLATE=utf8mb4_unicode_ci COMMENT='用户统计表';

-- Dumping data for table markdown_editor.user_statistics: ~8 rows (approximately)
/*!40000 ALTER TABLE `user_statistics` DISABLE KEYS */;
INSERT INTO `user_statistics` (`user_id`, `likes_count`, `collections_count`, `comments_count`, `following_count`, `followers_count`, `blog_count`, `created_at`, `updated_at`) VALUES
	(4, 40, 38, 42, 3, 5, 121, '2026-04-21 02:57:17', '2026-04-30 10:45:51'),
	(5, 1, 2, 2, 2, 2, 4, '2026-04-21 02:57:17', '2026-04-27 07:59:15'),
	(6, 7, 6, 3, 1, 1, 3, '2026-04-21 02:57:17', '2026-04-27 03:24:05'),
	(10, 5, 5, 13, 1, 2, 8, '2026-04-21 02:57:17', '2026-04-30 07:48:48'),
	(11, 0, 0, 0, 0, 0, 0, '2026-04-21 02:57:17', '2026-04-21 02:57:17'),
	(12, 6, 9, 27, 4, 2, 4, '2026-04-22 02:40:56', '2026-04-30 03:40:41'),
	(13, 0, 0, 0, 1, 0, 1, '2026-04-24 08:57:52', '2026-04-30 03:24:25'),
	(14, 2, 2, 13, 1, 1, 2, '2026-04-25 09:19:14', '2026-04-30 10:48:29');
/*!40000 ALTER TABLE `user_statistics` ENABLE KEYS */;

/*!40101 SET SQL_MODE=IFNULL(@OLD_SQL_MODE, '') */;
/*!40014 SET FOREIGN_KEY_CHECKS=IF(@OLD_FOREIGN_KEY_CHECKS IS NULL, 1, @OLD_FOREIGN_KEY_CHECKS) */;
/*!40101 SET CHARACTER_SET_CLIENT=@OLD_CHARACTER_SET_CLIENT */;
